Ref,Generate,Scores,K,time
N1(C(=[N+](C=C1)CCCCCCCCCCCCCCCC)C)CC2=CC=CC=C2,Cc1ccc(S(=O)(=O)NCCCCCCCCCCCCCCCCCCCCCC(=O)NCc2ccccc2)cc1,0.38,1,437.4
N1(C(=[N+](C=C1)CCCCCCCCCCCCCCCC)C)CC2=CC=CC=C2,Cc1ccc(S(=O)(=O)NCCCCCCCCCCCCCCCCCCCCCC(=O)NCc2ccccc2)cc1,0.38,1,437.4
O=C(NC=1C=C2C(C3=CC=CC=C3)=CNC2=NC1)C=4C=CC(OC)=CC4,COc1ccc(C(=O)Nc2ccc3c(c2)C(=O)N(C)CC(OC)C(C)CN(C(=O)c2ccccn2)C(C)CO3)cc1,0.32,1,437.4
N1(C(=[N+](C=C1)CCCCCCCCCCCCCCCC)C)CC2=CC=CC=C2,Cc1ccc(S(=O)(=O)NCCCCCCCCCCCCCCCCCCCC(=O)Nc2ccc(O)cc2)cc1,0.32,1,437.4
N1(C(=[N+](C=C1)CCCCCCCCCCCCCCCC)C)CC2=CC=CC=C2,Cc1ccc(S(=O)(=O)NCCCCCCCCCCCCCCCCCCCC(=O)Nc2ccc(O)cc2)cc1,0.32,1,437.4
C=1(C=C2/C(/C(=O)NC2=CC1)=C/C3=CC(=CN3)C4=CC(=CC=C4)C(=O)NCCN5CCCCC5)NC(N)=O,CC(C)(C)S(=O)N1Cc2cc(C(=O)NCCN3CCCCC3)nc(-c3cccc(-c4ccc(F)cc4)c3)c2C1CCO,0.31,1,437.4
C=1(C=C2/C(/C(=O)NC2=CC1)=C/C3=CC(=CN3)C4=CC(=CC=C4)C(=O)NCCN5CCCCC5)NC(N)=O,CC(C)(C)S(=O)N1Cc2cc(C(=O)NCCN3CCCCC3)nc(-c3cccc(-c4ccc(F)cc4)c3)c2C1CCO,0.31,1,437.4
C=1(C=C2/C(/C(=O)NC2=CC1)=C/C3=CC(=CN3)C4=CC(=CC=C4)C(=O)NCCN5CCCCC5)NC(N)=O,CC(C)(C)S(=O)N1Cc2cc(C(=O)NCCN3CCCCC3)nc(-c3cccc(-c4ccc(F)cc4)c3)c2C1CCO,0.31,1,437.4
C=1(C=C2/C(/C(=O)NC2=CC1)=C/C3=CC(=CN3)C4=CC(=CC=C4)C(=O)NCCN5CCCCC5)NC(N)=O,CC(C)(C)S(=O)N1Cc2cc(C(=O)NCCN3CCCCC3)nc(-c3cccc(-c4ccc(F)cc4)c3)c2C1CCO,0.31,1,437.4
C=1(C=C2/C(/C(=O)NC2=CC1)=C/C3=CC(=CN3)C4=CC(=CC=C4)C(=O)NCCN5CCCCC5)NC(N)=O,CC(C)(C)S(=O)N1Cc2cc(C(=O)NCCN3CCCCC3)nc(-c3cccc(-c4ccc(F)cc4)c3)c2C1CCO,0.31,1,437.4
C=1(C=C2/C(/C(=O)NC2=CC1)=C/C3=CC(=CN3)C4=CC(=CC=C4)C(=O)NCCN5CCCCC5)NC(N)=O,CC(C)(C)S(=O)N1Cc2cc(C(=O)NCCN3CCCCC3)nc(-c3cccc(-c4ccc(F)cc4)c3)c2C1CCO,0.31,1,437.4
C=1(C=C2/C(/C(=O)NC2=CC1)=C/C3=CC(=CN3)C4=CC(=CC=C4)C(=O)NCCN5CCCCC5)NC(N)=O,CC(C)(C)S(=O)N1Cc2cc(C(=O)NCCN3CCCCC3)nc(-c3cccc(-c4ccc(F)cc4)c3)c2C1CCO,0.31,1,437.4
C=1(C=C2/C(/C(=O)NC2=CC1)=C/C3=CC(=CN3)C4=CC(=CC=C4)C(=O)NCCN5CCCCC5)NC(N)=O,CC(C)(C)S(=O)N1Cc2cc(C(=O)NCCN3CCCCC3)nc(-c3cccc(-c4ccc(F)cc4)c3)c2C1CCO,0.31,1,437.4
C=1C(=CC=C2OCOC12)C=3N=C(NC3C4=CC=CC(=N4)C)C(C)(C)C,CCN(CC)CCCNc1ncnc2ccc(-c3ccc4c(c3)OCO4)cc12,0.3,1,437.4
O=C1C(=NC=2C=CN=CC2)C(NCCC3=CC=C(OC4=CC=CC=C4)C=C3)C1=O,CC1CCCCOC(CN(C)Cc2ccc(Oc3ccccc3)cc2)C(C)CN(C(C)CO)C(=O)c2cc(NC(=O)CCN(C)C)ccc2O1,0.28,1,437.4
O=C(NC=1C=C2C(C3=CC=CC=C3)=CNC2=NC1)C=4C=CC(OC)=CC4,COc1ccc(C(=O)Nc2nc(C(=O)O)cc3c2C(CO)N(S(=O)C(C)(C)C)C3)cc1,0.27,1,437.4
O=C(NC(C1=CC=CC=C1)CO)C2=CC=C(C=3C=CN=CC3)C=C2,CC(C)NC(=O)NC1CCC(CCn2cc(-c3ccc(-c4ccccc4)cc3)nn2)OC1CO,0.27,1,437.4
S(=O)(=O)(NC=1C=C2N=C(C(=NC2=CC1)C)C)C3=CC=C(N)C=C3,CCNC(=O)CC1CC2c3cc(NS(=O)(=O)c4ccc(F)cc4)ccc3OC2C(CO)O1,0.26,1,437.4
S(=O)(=O)(NC=1C=C2N=C(C(=NC2=CC1)C)C)C3=CC=C(N)C=C3,CCNC(=O)CC1CC2c3cc(NS(=O)(=O)c4ccc(F)cc4)ccc3OC2C(CO)O1,0.26,1,437.4
S(=O)(=O)(NC=1C=C2N=C(C(=NC2=CC1)C)C)C3=CC=C(N)C=C3,CCNC(=O)CC1CC2c3cc(NS(=O)(=O)c4ccc(F)cc4)ccc3OC2C(CO)O1,0.26,1,437.4
S(=O)(=O)(NC=1C=C2N=C(C(=NC2=CC1)C)C)C3=CC=C(N)C=C3,CCNC(=O)CC1CC2c3cc(NS(=O)(=O)c4ccc(F)cc4)ccc3OC2C(CO)O1,0.26,1,437.4
S(=O)(=O)(NC=1C=C2N=C(C(=NC2=CC1)C)C)C3=CC=C(N)C=C3,CCNC(=O)CC1CC2c3cc(NS(=O)(=O)c4ccc(F)cc4)ccc3OC2C(CO)O1,0.26,1,437.4
S(=O)(=O)(NC=1C=C2N=C(C(=NC2=CC1)C)C)C3=CC=C(N)C=C3,CCNC(=O)CC1CC2c3cc(NS(=O)(=O)c4ccc(F)cc4)ccc3OC2C(CO)O1,0.26,1,437.4
S(=O)(=O)(NC=1C=C2N=C(C(=NC2=CC1)C)C)C3=CC=C(N)C=C3,CCNC(=O)CC1CC2c3cc(NS(=O)(=O)c4ccc(F)cc4)ccc3OC2C(CO)O1,0.26,1,437.4
S(=O)(=O)(NC=1C=C2N=C(C(=NC2=CC1)C)C)C3=CC=C(N)C=C3,CCNC(=O)CC1CC2c3cc(NS(=O)(=O)c4ccc(F)cc4)ccc3OC2C(CO)O1,0.26,1,437.4
S(=O)(=O)(NC=1C=C2N=C(C(=NC2=CC1)C)C)C3=CC=C(N)C=C3,CCNC(=O)CC1CC2c3cc(NS(=O)(=O)c4ccc(F)cc4)ccc3OC2C(CO)O1,0.26,1,437.4
S(=O)(=O)(NC=1C=C2N=C(C(=NC2=CC1)C)C)C3=CC=C(N)C=C3,CCNC(=O)CC1CC2c3cc(NS(=O)(=O)c4ccc(F)cc4)ccc3OC2C(CO)O1,0.26,1,437.4
S(=O)(=O)(NC=1C=C2N=C(C(=NC2=CC1)C)C)C3=CC=C(N)C=C3,CCNC(=O)CC1CC2c3cc(NS(=O)(=O)c4ccc(F)cc4)ccc3OC2C(CO)O1,0.26,1,437.4
S(=O)(=O)(NC=1C=C2N=C(C(=NC2=CC1)C)C)C3=CC=C(N)C=C3,CCNC(=O)CC1CC2c3cc(NS(=O)(=O)c4ccc(F)cc4)ccc3OC2C(CO)O1,0.26,1,437.4
S(=O)(=O)(NC=1C=C2N=C(C(=NC2=CC1)C)C)C3=CC=C(N)C=C3,CCNC(=O)CC1CC2c3cc(NS(=O)(=O)c4ccc(F)cc4)ccc3OC2C(CO)O1,0.26,1,437.4
S(=O)(=O)(NC=1C=C2N=C(C(=NC2=CC1)C)C)C3=CC=C(N)C=C3,CCNC(=O)CC1CC2c3cc(NS(=O)(=O)c4ccc(F)cc4)ccc3OC2C(CO)O1,0.26,1,437.4
S(=O)(=O)(NC=1C=C2N=C(C(=NC2=CC1)C)C)C3=CC=C(N)C=C3,CCNC(=O)CC1CC2c3cc(NS(=O)(=O)c4ccc(F)cc4)ccc3OC2C(CO)O1,0.26,1,437.4
S(=O)(=O)(NC=1C=C2N=C(C(=NC2=CC1)C)C)C3=CC=C(N)C=C3,CCNC(=O)CC1CC2c3cc(NS(=O)(=O)c4ccc(F)cc4)ccc3OC2C(CO)O1,0.26,1,437.4
ClC1=CC=C(C(=O)NC=2C=C3NN=CC3=CC2)C=C1,Cc1ccc(S(=O)(=O)NCCCCCCCCNC(=O)c2ccc(Cl)cc2)cc1,0.26,1,437.4
ClC1=CC=C(C(=O)NC=2C=C3NN=CC3=CC2)C=C1,Cc1ccc(S(=O)(=O)NCCCCCCCCNC(=O)c2ccc(Cl)cc2)cc1,0.26,1,437.4
ClC1=CC=C(C(=O)NC=2C=C3NN=CC3=CC2)C=C1,Cc1ccc(S(=O)(=O)NCCCCCCCCNC(=O)c2ccc(Cl)cc2)cc1,0.26,1,437.4
ClC1=CC=C(C(=O)NC=2C=C3NN=CC3=CC2)C=C1,Cc1ccc(S(=O)(=O)NCCCCCCCCNC(=O)c2ccc(Cl)cc2)cc1,0.26,1,437.4
ClC1=CC=C(C(=O)NC=2C=C3NN=CC3=CC2)C=C1,Cc1ccc(S(=O)(=O)NCCCCCCCCNC(=O)c2ccc(Cl)cc2)cc1,0.26,1,437.4
ClC1=CC=C(C(=O)NC=2C=C3NN=CC3=CC2)C=C1,Cc1ccc(S(=O)(=O)NCCCCCCCCNC(=O)c2ccc(Cl)cc2)cc1,0.26,1,437.4
ClC1=CC=C(C(=O)NC=2C=C3NN=CC3=CC2)C=C1,Cc1ccc(S(=O)(=O)NCCCCCCCCNC(=O)c2ccc(Cl)cc2)cc1,0.26,1,437.4
ClC1=CC=C(C(=O)NC=2C=C3NN=CC3=CC2)C=C1,Cc1ccc(S(=O)(=O)NCCCCCCCCNC(=O)c2ccc(Cl)cc2)cc1,0.26,1,437.4
ClC1=CC=C(C(=O)NC=2C=C3NN=CC3=CC2)C=C1,Cc1ccc(S(=O)(=O)NCCCCCCCCNC(=O)c2ccc(Cl)cc2)cc1,0.26,1,437.4
ClC1=CC=C(C(=O)NC=2C=C3NN=CC3=CC2)C=C1,Cc1ccc(S(=O)(=O)NCCCCCCCCNC(=O)c2ccc(Cl)cc2)cc1,0.26,1,437.4
ClC1=CC=C(C(=O)NC=2C=C3NN=CC3=CC2)C=C1,Cc1ccc(S(=O)(=O)NCCCCCCCCNC(=O)c2ccc(Cl)cc2)cc1,0.26,1,437.4
ClC1=CC=C(C(=O)NC=2C=C3NN=CC3=CC2)C=C1,Cc1ccc(S(=O)(=O)NCCCCCCCCNC(=O)c2ccc(Cl)cc2)cc1,0.26,1,437.4
ClC1=CC=C(C(=O)NC=2C=C3NN=CC3=CC2)C=C1,Cc1ccc(S(=O)(=O)NCCCCCCCCNC(=O)c2ccc(Cl)cc2)cc1,0.26,1,437.4
ClC1=CC=C(C(=O)NC=2C=C3NN=CC3=CC2)C=C1,Cc1ccc(S(=O)(=O)NCCCCCCCCNC(=O)c2ccc(Cl)cc2)cc1,0.26,1,437.4
O=C(NC1=CN=CC=C1)NCCCCCCNC(=O)NC2=CN=CC=C2,CC(C)NC(=O)Nc1ccc(CCNCCCCCCCCCCNC(=O)C=Cc2ccc(O)cc2)cc1,0.25,1,437.4
O=C(NC1=CN=CC=C1)NCCCCCCNC(=O)NC2=CN=CC=C2,CC(C)NC(=O)Nc1ccc(CCNCCCCCCCCCCNC(=O)C=Cc2ccc(O)cc2)cc1,0.25,1,437.4
FC(F)(F)C1=CC=C([C@H](C(=O)N2CCN(C=3N=CN=C4C3[C@@H](C[C@H]4O)C)CC2)CN)C=C1,CC1CN(C(C)CO)C(=O)CCCn2nncc2COC1CN(C)Cc1ccc(C(F)(F)F)cc1,0.25,1,437.4
S(=O)(=O)(NC=1C=C2N=C(C(=NC2=CC1)C)C)C3=CC=C(N)C=C3,COc1ccc(S(=O)(=O)Nc2ccc3c(c2)C(=O)N(C(C)CO)CC(C)C(CN(C)S(=O)(=O)c2ccc(F)cc2)O3)cc1,0.24,1,437.4
O1[C@@H](CCN2C=3C(C(C4=C(C=5C=6C(N(CC1)C5)=CC=CC6)C(=O)NC4=O)=C2)=CC=CC3)CN(C)C,CC1CN(C(C)CO)C(=O)c2c(c3ccccc3n2C)-c2ccccc2COC1CN(C)CC1CCOCC1,0.24,1,437.4
O1[C@@H](CCN2C=3C(C(C4=C(C=5C=6C(N(CC1)C5)=CC=CC6)C(=O)NC4=O)=C2)=CC=CC3)CN(C)C,CC1CN(C(C)CO)C(=O)c2c(c3ccccc3n2C)-c2ccccc2COC1CN(C)CC1CCCCC1,0.24,1,437.4
FC(F)(F)C1=CC(NC(=O)NC2=CC=C(OC=3C=C(N=CC3)C(=O)NC)C=C2)=CC=C1,CC(C)(C)C(NC(=O)CCCCCCC(=O)Nc1ccc(C(F)(F)F)cc1)C(=O)Nc1ccc(C(=O)O)cc1,0.24,1,437.4
C=1C(=CC=C2OCOC12)C=3N=C(NC3C4=CC=CC(=N4)C)C(C)(C)C,CC(C)(C)NC(=O)CC1CC2c3cc(NC(=O)c4ccc5c(c4)OCO5)ccc3OC2C(CO)O1,0.24,1,437.4
C=1C(=CC=C2OCOC12)C=3N=C(NC3C4=CC=CC(=N4)C)C(C)(C)C,CC(C)(C)NC(=O)CC1CC2c3cc(NC(=O)c4ccc5c(c4)OCO5)ccc3OC2C(CO)O1,0.24,1,437.4
C=1C(=CC=C2OCOC12)C=3N=C(NC3C4=CC=CC(=N4)C)C(C)(C)C,CC(C)(C)NC(=O)CC1CC2c3cc(NC(=O)c4ccc5c(c4)OCO5)ccc3OC2C(CO)O1,0.24,1,437.4
C=1C(=CC=C2OCOC12)C=3N=C(NC3C4=CC=CC(=N4)C)C(C)(C)C,CC(C)(C)NC(=O)CC1CC2c3cc(NC(=O)c4ccc5c(c4)OCO5)ccc3OC2C(CO)O1,0.24,1,437.4
O1[C@@H](CCN2C=3C(C(C4=C(C=5C=6C(N(CC1)C5)=CC=CC6)C(=O)NC4=O)=C2)=CC=CC3)CN(C)C,CC1CN(C(C)CO)C(=O)c2c(c3ccccc3n2C)-c2ccccc2COC1CN(C)C(=O)CCC(F)(F)F,0.23,1,437.4
O1[C@@H](CCN2C=3C(C(C4=C(C=5C=6C(N(CC1)C5)=CC=CC6)C(=O)NC4=O)=C2)=CC=CC3)CN(C)C,CC1CN(C(C)CO)C(=O)c2c(c3ccccc3n2C)-c2ccccc2COC1CN(C)C(=O)CCC(F)(F)F,0.23,1,437.4
O1[C@@H](CCN2C=3C(C(C4=C(C=5C=6C(N(CC1)C5)=CC=CC6)C(=O)NC4=O)=C2)=CC=CC3)CN(C)C,CC1CN(C(C)CO)C(=O)c2c(c3ccccc3n2C)-c2ccccc2COC1CN(C)C(=O)CCC(F)(F)F,0.23,1,437.4
O1[C@@H](CCN2C=3C(C(C4=C(C=5C=6C(N(CC1)C5)=CC=CC6)C(=O)NC4=O)=C2)=CC=CC3)CN(C)C,CC1CN(C(C)CO)C(=O)c2c(c3ccccc3n2C)-c2ccccc2COC1CN(C)C(=O)CCC(F)(F)F,0.23,1,437.4
O1[C@@H](CCN2C=3C(C(C4=C(C=5C=6C(N(CC1)C5)=CC=CC6)C(=O)NC4=O)=C2)=CC=CC3)CN(C)C,CC1CN(C(C)CO)C(=O)c2c(c3ccccc3n2C)-c2ccccc2COC1CN(C)C(=O)CCC(F)(F)F,0.23,1,437.4
O1[C@@H](CCN2C=3C(C(C4=C(C=5C=6C(N(CC1)C5)=CC=CC6)C(=O)NC4=O)=C2)=CC=CC3)CN(C)C,CC1CN(C(C)CO)C(=O)c2c(c3ccccc3n2C)-c2ccccc2COC1CN(C)C(=O)CCC(F)(F)F,0.23,1,437.4
ClC1=CC=C(COCCNCCNS(=O)(=O)C2=CC=CC=3C=NC=CC23)C=C1,COC(CN(C)Cc1ccc(F)cc1)C(C)CN(C(C)CO)S(=O)(=O)c1ccc(Cl)cc1,0.23,1,437.4
ClC1=CC=C(COCCNCCNS(=O)(=O)C2=CC=CC=3C=NC=CC23)C=C1,COC(CN(C)Cc1ccc(F)cc1)C(C)CN(C(C)CO)S(=O)(=O)c1ccc(Cl)cc1,0.23,1,437.4
ClC1=CC=C(COCCNCCNS(=O)(=O)C2=CC=CC=3C=NC=CC23)C=C1,COC(CN(C)Cc1ccc(F)cc1)C(C)CN(C(C)CO)S(=O)(=O)c1ccc(Cl)cc1,0.23,1,437.4
ClC1=CC=C(COCCNCCNS(=O)(=O)C2=CC=CC=3C=NC=CC23)C=C1,COC(CN(C)Cc1ccc(F)cc1)C(C)CN(C(C)CO)S(=O)(=O)c1ccc(Cl)cc1,0.23,1,437.4
ClC1=CC=C(COCCNCCNS(=O)(=O)C2=CC=CC=3C=NC=CC23)C=C1,COC(CN(C)Cc1ccc(F)cc1)C(C)CN(C(C)CO)S(=O)(=O)c1ccc(Cl)cc1,0.23,1,437.4
ClC1=CC=C(COCCNCCNS(=O)(=O)C2=CC=CC=3C=NC=CC23)C=C1,COC(CN(C)Cc1ccc(F)cc1)C(C)CN(C(C)CO)S(=O)(=O)c1ccc(Cl)cc1,0.23,1,437.4
ClC1=CC=C(COCCNCCNS(=O)(=O)C2=CC=CC=3C=NC=CC23)C=C1,COC(CN(C)Cc1ccc(F)cc1)C(C)CN(C(C)CO)S(=O)(=O)c1ccc(Cl)cc1,0.23,1,437.4
ClC1=CC=C(COCCNCCNS(=O)(=O)C2=CC=CC=3C=NC=CC23)C=C1,COC(CN(C)Cc1ccc(F)cc1)C(C)CN(C(C)CO)S(=O)(=O)c1ccc(Cl)cc1,0.23,1,437.4
ClC1=CC=C(COCCNCCNS(=O)(=O)C2=CC=CC=3C=NC=CC23)C=C1,COC(CN(C)Cc1ccc(F)cc1)C(C)CN(C(C)CO)S(=O)(=O)c1ccc(Cl)cc1,0.23,1,437.4
ClC1=CC=C(COCCNCCNS(=O)(=O)C2=CC=CC=3C=NC=CC23)C=C1,COC(CN(C)Cc1ccc(F)cc1)C(C)CN(C(C)CO)S(=O)(=O)c1ccc(Cl)cc1,0.23,1,437.4
ClC1=CC=C(COCCNCCNS(=O)(=O)C2=CC=CC=3C=NC=CC23)C=C1,COC(CN(C)Cc1ccc(F)cc1)C(C)CN(C(C)CO)S(=O)(=O)c1ccc(Cl)cc1,0.23,1,437.4
C1=CC2=C(N=C(N2CCN3CCOCC3)NC(=O)C=4C=CC=C(C4)N(=O)=O)C=C1,CC1CN(C(C)CO)C(=O)Cc2cc(NC(=O)CCN3CCOCC3)ccc2OC1CN(C)Cc1ccc(C(F)(F)F)cc1,0.23,1,437.4
C1(Br)=C(C=2C=3C=CNC3N=CC2)SC(C(=O)N[C@H](CN)CC4=CC=C(C=C4)C(F)(F)F)=C1,CC1CN(C(C)CO)C(=O)c2cc(NC(=O)NC(C)(C)C)ccc2OC1CN(C)Cc1ccc(C(F)(F)F)cc1,0.23,1,437.4
FC(F)(F)C=1C=C(CNC2C(=NC=3C=CN=CC3)C(=O)C2=O)C=CC1,CC1CN(C(C)CO)C(=O)CCCn2nncc2COC1CN(C)Cc1cccc(C(F)(F)F)c1,0.22,1,437.4
FC(F)(F)C=1C=C(CNC2C(=NC=3C=CN=CC3)C(=O)C2=O)C=CC1,CC1CN(C(C)CO)C(=O)CCCn2nncc2COC1CN(C)Cc1cccc(C(F)(F)F)c1,0.22,1,437.4
FC(F)(F)C=1C=C(CNC2C(=NC=3C=CN=CC3)C(=O)C2=O)C=CC1,CC1CN(C(C)CO)C(=O)CCCn2nncc2COC1CN(C)Cc1cccc(C(F)(F)F)c1,0.22,1,437.4
FC(F)(F)C=1C=C(CNC2C(=NC=3C=CN=CC3)C(=O)C2=O)C=CC1,CC1CN(C(C)CO)C(=O)CCCn2nncc2COC1CN(C)Cc1cccc(C(F)(F)F)c1,0.22,1,437.4
FC(F)(F)C=1C=C(CNC2C(=NC=3C=CN=CC3)C(=O)C2=O)C=CC1,CC1CN(C(C)CO)C(=O)CCCn2nncc2COC1CN(C)Cc1cccc(C(F)(F)F)c1,0.22,1,437.4
FC(F)(F)C=1C=C(CNC2C(=NC=3C=CN=CC3)C(=O)C2=O)C=CC1,CC1CN(C(C)CO)C(=O)CCCn2nncc2COC1CN(C)Cc1cccc(C(F)(F)F)c1,0.22,1,437.4
FC(F)(F)C=1C=C(CNC2C(=NC=3C=CN=CC3)C(=O)C2=O)C=CC1,CC1CN(C(C)CO)C(=O)CCCn2nncc2COC1CN(C)Cc1cccc(C(F)(F)F)c1,0.22,1,437.4
FC(F)(F)C=1C=C(CNC2C(=NC=3C=CN=CC3)C(=O)C2=O)C=CC1,CC1CN(C(C)CO)C(=O)CCCn2nncc2COC1CN(C)Cc1cccc(C(F)(F)F)c1,0.22,1,437.4
O=C1N(C=2C(N(C1CC)C3CCCC3)=NC(=NC2)NC4=C(OC)C=C(C=C4)C(=O)NC5CCCCC5)C,CC(C)NC(=O)Nc1ccc2c(c1)C1CC(CC(=O)NC3CCCCC3)OC(CO)C1O2,0.21,1,437.4
C=1(C=C2/C(/C(NC2=CC1)=O)=C(\C)/C=3NC=C(C3)CNC(C4CCN(CC4)C)=O)NC(=O)N,CCCNC(=O)N1CC(C)OC(C)c2cc(NC(=O)C3CCOCC3)ccc2N(C)C(=O)CC(OC)C1,0.2,1,437.4
C=1(C=C2/C(/C(NC2=CC1)=O)=C(\C)/C=3NC=C(C3)CNC(C4CCN(CC4)C)=O)NC(=O)N,CCCNC(=O)N1CC(C)OC(C)c2cc(NC(=O)C3CCOCC3)ccc2N(C)C(=O)CC(OC)C1,0.2,1,437.4
C=1(C=C2/C(/C(NC2=CC1)=O)=C(\C)/C=3NC=C(C3)CNC(C4CCN(CC4)C)=O)NC(=O)N,CCCNC(=O)N1CC(C)OC(C)c2cc(NC(=O)C3CCOCC3)ccc2N(C)C(=O)CC(OC)C1,0.2,1,437.4
ClC1=CC=C([C@H](C(=O)N2CCN(C=3N=CN=C4C3[C@@H](C[C@H]4O)C)CC2)CNCC5CCOCC5)C=C1,CC1CCCCOC(CN(C)CC2CCOCC2)C(C)CN(C(C)CO)C(=O)c2cc(NC(=O)CCCN(C)C)ccc2O1,0.19,1,437.4
O=C(NC=1C=CN=CC1)C2CCC(CC2)C(N)C,CCCNC(=O)CC1CC2c3cc(NC(=O)C4CCOCC4)ccc3OC2C(CO)O1,0.18,1,437.4
O=C(NC=1C=CN=CC1)C2CCC(CC2)C(N)C,CCCNC(=O)CC1CC2c3cc(NC(=O)C4CCOCC4)ccc3OC2C(CO)O1,0.18,1,437.4
C1(=NN=C2NN=C(C2=C1)NC(=O)CCCN(C)C)C3=C(C(=CC=C3)F)F,CC(C)NC(=O)N(C)CC1OCCCCC(C)Oc2ccc(NC(=O)CCCN(C)C)cc2C(=O)N(C(C)CO)CC1C,0.18,1,437.4
C1(=NN=C2NN=C(C2=C1)NC(=O)CCCN(C)C)C3=C(C(=CC=C3)F)F,CC(C)NC(=O)N(C)CC1OCCCCC(C)Oc2ccc(NC(=O)CCCN(C)C)cc2C(=O)N(C(C)CO)CC1C,0.18,1,437.4
C1(=NN=C2NN=C(C2=C1)NC(=O)CCCN(C)C)C3=C(C(=CC=C3)F)F,CC(C)NC(=O)N(C)CC1OCCCCC(C)Oc2ccc(NC(=O)CCCN(C)C)cc2C(=O)N(C(C)CO)CC1C,0.18,1,437.4
C1(=NN=C2NN=C(C2=C1)NC(=O)CCCN(C)C)C3=C(C(=CC=C3)F)F,CC(C)NC(=O)N(C)CC1OCCCCC(C)Oc2ccc(NC(=O)CCCN(C)C)cc2C(=O)N(C(C)CO)CC1C,0.18,1,437.4
C1(=NN=C2NN=C(C2=C1)NC(=O)CCCN(C)C)C3=C(C(=CC=C3)F)F,CC(C)NC(=O)N(C)CC1OCCCCC(C)Oc2ccc(NC(=O)CCCN(C)C)cc2C(=O)N(C(C)CO)CC1C,0.18,1,437.4
C=1(N=CN=C2[C@@H](C[C@H](C21)C)O)N3CCN(C(=O)[C@H](CN(C(C)C)C)C=4C=CC(=CC4)Cl)CC3,Cc1cc(C(=O)N(C)CC2OCc3cn(nn3)CCCC(=O)N(C(C)CO)CC2C)no1,0.17,1,437.4
C=1(N=CN=C2[C@@H](C[C@H](C21)C)O)N3CCN(C(=O)[C@H](CN(C(C)C)C)C=4C=CC(=CC4)Cl)CC3,Cc1cc(C(=O)N(C)CC2OCc3cn(nn3)CCCC(=O)N(C(C)CO)CC2C)no1,0.17,1,437.4
O=C(N1N=C(NC(=O)CCC)C=2C1=NC=3C(C2)=CC=CC3)CC,CCNC(=O)CC1CCC2C(COCC(O)CN2C(=O)c2ccccc2F)O1,0.16,1,437.4
ClC1=CC=C(C(=O)NC=2C=C3NN=CC3=CC2)C=C1,O=C(Nc1cccc(Cl)c1)c1ccc(Cl)cc1,0.54,5,536.3
N1(C(=[N+](C=C1)CCCCCCCCCCCCCCCC)C)CC2=CC=CC=C2,CCCCCCCCCCCCCCCCCCCC(=O)O,0.42,5,536.3
N1(C(=[N+](C=C1)CCCCCCCCCCCCCCCC)C)CC2=CC=CC=C2,CCCCCCCCCCCCCCCCCCCCCC(=O)OC,0.4,5,536.3
N1(C(=[N+](C=C1)CCCCCCCCCCCCCCCC)C)CC2=CC=CC=C2,CCCCCCCCCCCCCCCCCCCCC(=O)Nc1cccc(C(=O)O)c1,0.4,5,536.3
N1(C(=[N+](C=C1)CCCCCCCCCCCCCCCC)C)CC2=CC=CC=C2,CCCCCCCCCCCCCCCCCCCC(=O)OCC(O)C(C)(C)C,0.37,5,536.3
S1C2=C(C(C3=CC=C(NC(=O)NC=4C(C(F)(F)F)=CC=CC4)C=C3)=C1)C(=NC=C2)N,CC(CCC(=O)O)C(=O)Nc1ccc(C(=O)Nc2ccccc2C(F)(F)F)cc1,0.35,5,536.3
N1(C(=[N+](C=C1)CCCCCCCCCCCCCCCC)C)CC2=CC=CC=C2,CCCCCCCCCCCCCCCCCCCCC(=O)NC(CO)COC(C)(C)C,0.35,5,536.3
N1(C(=[N+](C=C1)CCCCCCCCCCCCCCCC)C)CC2=CC=CC=C2,CCCCCCCCCCCCCCCCCCCCC(=O)NC(CO)COC(C)(C)C,0.35,5,536.3
O=C1N(C(=O)C=2C1=CC=CC2)C=3C=C(O)C(=CC3)C(=O)O,O=C(CCCN1C(=O)c2ccccc2C1=O)NCc1ccc(Cl)cc1,0.34,5,536.3
O=C(NC=1C=C(OC)C=CC1)C2=C3N(N=C2)C(C4=CC=CC=C4)=CC=N3,CCCCOc1ccc(C(=O)COc2ccc(C(=O)Nc3cccc(OC)c3)c(O)c2)cc1,0.33,5,536.3
O=C(NC=1C=C(OC)C=CC1)C2=C3N(N=C2)C(C4=CC=CC=C4)=CC=N3,CCCCOc1ccc(C(=O)COc2ccc(C(=O)Nc3cccc(OC)c3)c(O)c2)cc1,0.33,5,536.3
O=C(NC(C1=CC=CC=C1)C)C2=CC=C(C=3C=CN=CC3)C=C2,CC(NC(=O)CC1CC2c3cc(NC(=O)Cc4ccncc4)ccc3OC2C(CO)O1)c1ccccc1,0.33,5,536.3
N1(C(=[N+](C=C1)CCCCCCCCCCCCCCCC)C)CC2=CC=CC=C2,CCCCCCCCCCCCCCCCCCCCCCCCC(=O)NC(CO)C(=O)O,0.33,5,536.3
FC(F)(F)C1=CC(NC(=O)NC2=CC=C(OC=3C=C(N=CC3)C(=O)NC)C=C2)=CC=C1,COc1ccc(NC(=O)Nc2ccc3c(c2)C(=O)N(C(C)CO)CC(C)C(CN(C)Cc2ccc(C(F)(F)F)cc2)O3)cc1,0.32,5,536.3
FC(F)(F)C1=CC(NC(=O)NC2=CC=C(OC=3C=C(N=CC3)C(=O)NC)C=C2)=CC=C1,CN(C)c1ncnc2ccc(C(=O)NCCCCCCC(=O)Nc3cccc(C(F)(F)F)c3)cc12,0.32,5,536.3
FC(F)(F)C1=CC(NC(=O)NC2=CC=C(C3=C4C(NN=C4C)=CC=C3)C=C2)=CC=C1,CC1CN(C(C)CO)C(=O)c2cc(NC(=O)Nc3ccccc3)ccc2OC1CN(C)Cc1ccc(C(F)(F)F)cc1,0.32,5,536.3
ClC1=CC=C(CNC(=O)NC=2C3=C(NN=C3)C=CC2)C=C1,COc1ccccc1NC(=O)NC1C=CC(CC(=O)NCc2ccc(Cl)cc2)OC1CO,0.32,5,536.3
S1C2=C(C(C3=CC=C(NC(=O)NC=4C(C(F)(F)F)=CC=CC4)C=C3)=C1)C(=NC=C2)N,CC(C)(C)CCC(=O)NC(C(=O)Nc1ccc(C(=O)Nc2ccccc2C(F)(F)F)cc1)C(C)(C)C,0.31,5,536.3
O(C=1C(N=C(N)N)=CC(N=C(N)N)=CC1)CCCCCCCCCCCC,CCCCCCCCOc1ccc(C(=O)CCCOCCO)cc1,0.31,5,536.3
N1(C(=[N+](C=C1)CCCCCCCCCCCCCCCC)C)CC2=CC=CC=C2,CCNCCCCCCCCCCCCCCCCCCCCCCC(=O)O,0.31,5,536.3
FC=1C(C(=O)NC(CC2=CC=CC=C2)CO)=CC=C(C1)C=3C=CN=CC3,CC(C)(C)c1ccccc1C(=O)NC(Cc1ccccc1)C(=O)O,0.31,5,536.3
CC(C)(C)C1=CC(C=C(C#N)C#N)=CC(=C1O)Br,CC(C)(C)c1cc(O)cc(O)c1O,0.31,5,536.3
C1(=CC=C2C(=C1)C=NN2)C3=C(N=CN3CCN4CCOCC4)C5=CC=C(C=C5)F,CC(C)(C)NCc1cccc(-c2ccc(-c3cncc4c(=O)[nH]c(=O)n(CCN5CCOCC5)c34)cc2)c1,0.31,5,536.3
S1C2=NNC(=C2C=C1C(=O)NCC3=CC(OC)=CC=C3)C4=CC=CC=C4,COc1cccc(CNC(=O)CC2CC3c4cc(NS(=O)(=O)c5ccccc5F)ccc4OC3C(CO)O2)c1,0.3,5,536.3
N=1C=CC(NC=2C=CC=CC2C(O)=O)=NC1NC3=CC(=CC=C3)O,CC(C)(C)c1ccc(C(=O)Nc2ccccc2C(=O)O)cc1,0.3,5,536.3
N1(C(=[N+](C=C1)CCCCCCCCCCCCCCCC)C)CC2=CC=CC=C2,CCOC(=O)CCCCCCCCCCCCCCCCCCCCCCCCC(=O)Nc1ccc(Cl)cc1,0.3,5,536.3
FC=1C=C(C(=O)NC2=CC=3C(=NNC3)C=C2)C=CC1,COC1CN(C)C(=O)c2cc(NC(=O)c3cccc(F)c3)ccc2OCC(C)N(C(=O)CC2CC2)CC1C,0.3,5,536.3
FC=1C=C(C(=O)NC2=CC=3C(=NNC3)C=C2)C=CC1,COC1CN(C)C(=O)c2cc(NC(=O)c3cccc(F)c3)ccc2OCC(C)N(C(=O)CC2CC2)CC1C,0.3,5,536.3
FC=1C=C(C(=O)NC2=CC=3C(=NNC3)C=C2)C=CC1,COC1CN(C)C(=O)c2cc(NC(=O)c3cccc(F)c3)ccc2OCC(C)N(C(=O)CC2CC2)CC1C,0.3,5,536.3
FC=1C=C(C(=O)NC2=CC=3C(=NNC3)C=C2)C=CC1,COC1CN(C)C(=O)c2cc(NC(=O)c3cccc(F)c3)ccc2OCC(C)N(C(=O)CC2CC2)CC1C,0.3,5,536.3
FC=1C=C(C(=O)NC2=CC=3C(=NNC3)C=C2)C=CC1,COC1CN(C)C(=O)c2cc(NC(=O)c3cccc(F)c3)ccc2OCC(C)N(C(=O)CC2CC2)CC1C,0.3,5,536.3
FC=1C=C(C(=O)NC2=CC=3C(=NNC3)C=C2)C=CC1,COC1CN(C)C(=O)c2cc(NC(=O)c3cccc(F)c3)ccc2OCC(C)N(C(=O)CC2CC2)CC1C,0.3,5,536.3
FC=1C=C(C(=O)NC2=CC=3C(=NNC3)C=C2)C=CC1,COC1CN(C)C(=O)c2cc(NC(=O)c3cccc(F)c3)ccc2OCC(C)N(C(=O)CC2CC2)CC1C,0.3,5,536.3
C=1C=C(C=CC1C[C@@H](N)C(N2CCN(CC2)C=3C4=C(N=CN3)C=CC=C4)=O)C(F)(F)F,CC(C)(C)c1ccc(C(=O)NCCCN2CCN(Cc3ccc(C(F)(F)F)cc3)CC2)cc1,0.3,5,536.3
C=1(C(F)(F)F)C(=CC=C(NC(NC2=CC=C(OC=3C=C(C(=O)NC)N=CC3)C=C2)=O)C1)Cl,COc1ccc(CNC(=O)CC2CC3c4cc(NC(=O)Nc5ccc(F)cc5)ccc4OC3C(CO)O2)cc1,0.3,5,536.3
C=1(C(F)(F)F)C(=CC=C(NC(NC2=CC=C(OC=3C=C(C(=O)NC)N=CC3)C=C2)=O)C1)Cl,COc1ccc(CNC(=O)CC2CC3c4cc(NC(=O)Nc5ccc(F)cc5)ccc4OC3C(CO)O2)cc1,0.3,5,536.3
S(=O)(=O)(O)C=1C=2C(C(NCC=3C=C4OCOC4=CC3)=CC1)=C(O)C=CC2,CN(C)c1ccc2c(c1)C1CC(CC(=O)NCc3ccc4c(c3)OCO4)OC(CO)C1O2,0.29,5,536.3
N=1C=CC(NC=2C=CC=CC2C(O)=O)=NC1NC3=CC(=CC=C3)O,CCCCOc1ccc(C(=O)COc2ccccc2C(=O)Nc2cccc(O)c2)cc1,0.29,5,536.3
C=1(N=C2N=C(C(C3=CC=CC=C3)=CC2=CN1)C=4C=CC(CNCCC(=O)C5=C(C=CC=C5)N)=CC4)SC,CCOc1ccccc1C(=O)Nc1ccc2c(c1)C(=O)N(C)C1CCC(CC(=O)NCc3ccc(-c4ccccc4)cc3)OC1CO2,0.29,5,536.3
C1CCC(C(=O)N(C2=CC=C3C(N=C(N3C)NC(C=4C=CC(=CC4)C#N)=O)=C2)C)CC1,CC1CN(C(C)CO)C(=O)c2cc(NC(=O)C3CCCCC3)ccc2OC1CN(C)Cc1ccc(C(=O)O)cc1,0.29,5,536.3
S(=O)(=O)(O)C=1C=2C(C(NCC=3C=C4OCOC4=CC3)=CC1)=C(O)C=CC2,CC(CO)NC(=O)Nc1ccc2c(c1)C1CC(CC(=O)NCc3ccc4c(c3)OCO4)OC(CO)C1O2,0.28,5,536.3
S(=O)(=O)(O)C=1C=2C(C(NCC=3C=C4OCOC4=CC3)=CC1)=C(O)C=CC2,CC(C)NC(=O)Nc1ccc2c(c1)C1CC(CC(=O)NCc3ccc4c(c3)OCO4)OC(CO)C1O2,0.28,5,536.3
S(=O)(=O)(O)C=1C=2C(C(NCC=3C=C4OCOC4=CC3)=CC1)=C(O)C=CC2,CC(C)NC(=O)Nc1ccc2c(c1)C1CC(CC(=O)NCc3ccc4c(c3)OCO4)OC(CO)C1O2,0.28,5,536.3
S(=O)(=O)(O)C=1C=2C(C(NCC=3C=C4OCOC4=CC3)=CC1)=C(O)C=CC2,CC(C)NC(=O)Nc1ccc2c(c1)C1CC(CC(=O)NCc3ccc4c(c3)OCO4)OC(CO)C1O2,0.28,5,536.3
S(=O)(=O)(NC=1C=C2N=C(C(=NC2=CC1)C)C)C3=CC=C(N)C=C3,COC1CN(C)C(=O)c2cc(NS(=O)(=O)c3ccc(F)cc3)ccc2OCC(C)NCC1C,0.28,5,536.3
O=C(NC=1NN=C2C1C=C(C=3N=NN(C3)CC4=CC=CC=C4)C=C2)CCC,CC(C)NC(=O)NC1CCC(CCn2cc(-c3cccc(-c4ccccc4)c3)nn2)OC1CO,0.28,5,536.3
O=C(NC(C1=CC=CC=C1)C)C2=CC=C(C=3C=CN=CC3)C=C2,CC(NC(=O)CC1CCC(NC(=O)c2ccc3c(c2)OCO3)C(CO)O1)c1ccccc1,0.28,5,536.3
O=C(NC(C1=CC=CC=C1)C)C2=CC=C(C=3C=CN=CC3)C=C2,CC(NC(=O)CC1CC2c3cc(NS(=O)(=O)c4ccc(F)cc4)ccc3OC2C(CO)O1)c1ccccc1,0.28,5,536.3
O=C(NC(C1=CC=CC=C1)C)C2=CC=C(C=3C=CN=CC3)C=C2,CC(NC(=O)CC1CC2c3cc(NS(=O)(=O)c4ccc(F)cc4)ccc3OC2C(CO)O1)c1ccccc1,0.28,5,536.3
O=C(NC(C1=CC(OC)=CC=C1)C)C2=CC=C(C3=NC=NC=C3)C=C2,CC(C)(C)c1ccc(C(=O)Nc2nc(-c3ccc(C(=O)O)cc3)cs2)cc1,0.28,5,536.3
N1(C(=[N+](C=C1)CCCCCCCCCCCCCCCC)C)CC2=CC=CC=C2,CCCCCCCCCCCCCCCCCCCC(O)COCCOCCOCCOCCOCCOC,0.28,5,536.3
ClC1=CC=C(CC(NC(=O)C2=CC=C(C=3C=CN=CC3)C=C2)CO)C=C1,CC1CN(C(C)CO)C(=O)c2cc(NC(=O)c3ccncc3)ccc2OC1CN(C)Cc1ccc(C(=O)O)cc1,0.28,5,536.3
S(=O)(=O)(NC=1C=C2N=C(C(=NC2=CC1)C)C)C3=CC=C(N)C=C3,CCCNC(=O)CC1CC2c3cc(NS(=O)(=O)c4ccc(C)cc4)ccc3OC2C(CO)O1,0.27,5,536.3
S(=O)(=O)(NC=1C=C2N=C(C(=NC2=CC1)C)C)C3=CC=C(N)C=C3,CCCNC(=O)CC1CC2c3cc(NS(=O)(=O)c4ccc(C)cc4)ccc3OC2C(CO)O1,0.27,5,536.3
O=C(O)C=1N(C=2C(C1C=3C(=CC=CC3)C)=CC=CC2)CCCOC=4C=5C(C=CC4)=CC=CC5,CC1CN(C(C)CO)C(=O)c2c(c3ccccc3n2C)-c2ccccc2COC1CN(C)Cc1ccccc1C(F)(F)F,0.27,5,536.3
O=C(NC=1C=C2C(C3=CC=CC=C3)=CNC2=NC1)C=4C=CC(OC)=CC4,COc1ccc(CN(C)CC2Oc3ccc(NC(=O)Cc4ccccc4)cc3C(=O)N(C(C)CO)CC2C)cc1,0.27,5,536.3
O=C(NC(C1=CC=CC=C1)C)C2=CC=C(C=3C=CN=CC3)C=C2,CC(NC(=O)CC1CC(NC(=O)Cc2ccccc2)CC(CO)O1)c1ccccc1,0.27,5,536.3
FC(F)(F)C1=CC(NC(=O)NC2=CC=C(C3=C4C(NN=C4C)=CC=C3)C=C2)=CC=C1,CC1CN(C(C)CO)C(=O)c2cc(NC(=O)Cc3ccccc3)ccc2OC1CN(C)C(=O)Nc1ccc(C(F)(F)F)cc1,0.27,5,536.3
FC(F)(F)C1=CC(NC(=O)NC2=CC=C(C3=C4C(NN=C4C)=CC=C3)C=C2)=CC=C1,CC1CN(C(C)CO)C(=O)c2cc(NC(=O)Cc3ccccc3)ccc2OC1CN(C)C(=O)Nc1ccc(C(F)(F)F)cc1,0.27,5,536.3
FC(F)(F)C1=CC(NC(=O)NC2=CC=C(C3=C4C(NN=C4C)=CC=C3)C=C2)=CC=C1,CC1CN(C(C)CO)C(=O)c2cc(NC(=O)Cc3ccccc3)ccc2OC1CN(C)C(=O)Nc1ccc(C(F)(F)F)cc1,0.27,5,536.3
ClC1=CC=C(C=C1)NC(=O)C2=C(NCC3=CC=NC=C3)C=CC=C2,COc1ccccc1CNC(=O)CC1CC2c3cc(NC(=O)Cc4ccncc4)ccc3OC2C(CO)O1,0.27,5,536.3
C=1(C=C2/C(/C(NC2=CC1)=O)=C(\C)/C=3NC=C(C3)CNC(C4=CN=CC=C4)=O)NC(N)=O,CCNC(=O)CC1CC2c3cc(NC(=O)c4cccnc4)ccc3OC2C(CO)O1,0.27,5,536.3
C=1(C=C2/C(/C(NC2=CC1)=O)=C(\C)/C=3NC=C(C3)CNC(C4=CN=CC=C4)=O)NC(N)=O,CCNC(=O)CC1CC2c3cc(NC(=O)c4cccnc4)ccc3OC2C(CO)O1,0.27,5,536.3
C=1(C=C2/C(/C(=O)NC2=CC1)=C/C3=CC(=CN3)C4=CC(=CC=C4)C(=O)NCCN5CCCCC5)NC(N)=O,CC(C)(C)S(=O)N1Cc2cc(C(=O)NCCN3CCCCC3)nc(-c3ccc(C#Cc4ccc(F)cc4)cc3)c2C1CCO,0.27,5,536.3
C=1(C=C2/C(/C(=O)NC2=CC1)=C/C3=CC(=CN3)C4=CC(=CC=C4)C(=O)NCCN5CCCCC5)NC(N)=O,CC(C)(C)S(=O)N1Cc2cc(C(=O)NCCN3CCCCC3)nc(-c3ccc(C#Cc4ccc(F)cc4)cc3)c2C1CCO,0.27,5,536.3
C=1(C=C2/C(/C(=O)NC2=CC1)=C/C3=CC(=CN3)C4=CC(=CC=C4)C(=O)NCCN5CCCCC5)NC(N)=O,CC(C)(C)S(=O)N1Cc2cc(C(=O)NCCN3CCCCC3)nc(-c3ccc(C#Cc4ccc(F)cc4)cc3)c2C1CCO,0.27,5,536.3
C1=C(C=CC(=C1)C(NC(=O)C2(N)CCN(CC2)C3=NC=NC4=C3C=CN4)CCCN5CCOCC5)Cl,CC(C)CC(CC(=O)NCCCN1CCOCC1)c1ccc(O)cc1,0.27,5,536.3
S(=O)(=O)(O)C=1C=2C(C(NCC=3C=C4OCOC4=CC3)=CC1)=C(O)C=CC2,COC(CN(C)C(=O)c1ccc2c(c1)OCO2)C(C)CN(C(C)CO)S(=O)(=O)c1ccc(Cl)cc1,0.26,5,536.3
O=C(O)C=1N(C=2C(C1C=3C(=CC=CC3)C)=CC=CC2)CCCOC=4C=5C(C=CC4)=CC=CC5,Cc1ccc(S(=O)(=O)N(C)CC2OCc3ccccc3-c3c(n(C)c4ccccc34)C(=O)N(C(C)CO)CC2C)cc1,0.26,5,536.3
O=C(O)C=1N(C=2C(C1C=3C(=CC=CC3)C)=CC=CC2)CCCOC=4C=5C(C=CC4)=CC=CC5,CC1CN(C(C)CO)C(=O)c2c(c3ccccc3n2C)-c2ccccc2COC1CN(C)Cc1ccc(C(F)(F)F)cc1,0.26,5,536.3
O=C(O)C=1N(C=2C(C1C=3C(=CC=CC3)C)=CC=CC2)CCCOC=4C=5C(C=CC4)=CC=CC5,CC1CN(C(C)CO)C(=O)c2c(c3ccccc3n2C)-c2ccccc2COC1CN(C)Cc1ccc(C(F)(F)F)cc1,0.26,5,536.3
O=C(NCC1=CC=CC=C1)C2=CC=C(C=3C=CN=CC3)C=C2,O=C(CC1CCC(NC(=O)Cc2ccccc2)C(CO)O1)NCc1ccc(F)cc1,0.26,5,536.3
FC=1C(C(=O)NC(CC2=CC=CC=C2)CO)=CC=C(C1)C=3C=CN=CC3,CC1CN(C(C)CO)S(=O)(=O)c2ccc(-c3ccccc3C#N)cc2OC1CN(C)C(=O)c1ccncc1,0.26,5,536.3
FC(F)(F)C=1C=C(CNC2C(=NC=3C=CN=CC3)C(=O)C2=O)C=CC1,CC1CCCCOC(CN(C)Cc2cccc(C(F)(F)F)c2)C(C)CN(C(C)CO)C(=O)c2cc(NC(=O)c3ccncc3)ccc2O1,0.26,5,536.3
C=1(C=C2/C(/C(NC2=CC1)=O)=C(\C)/C=3NC=C(C3)CNC(C4=CN=CC=C4)=O)NC(N)=O,COc1ccccc1CNC(=O)CC1CC2c3cc(NC(=O)c4cccnc4)ccc3OC2C(CO)O1,0.26,5,536.3
C=1(C=C2/C(/C(NC2=CC1)=O)=C(\C)/C=3NC=C(C3)CNC(C4=CN=CC=C4)=O)NC(N)=O,CCCNC(=O)CC1CC2c3cc(NC(=O)c4cccnc4)ccc3OC2C(CO)O1,0.26,5,536.3
C1=C(C(C=2C=CC(=CC2)CN3CCC(CC3)C(=O)NCCC(N)=O)=NC=4C1=CN=C(SC)N4)C5=CC=CC=C5,CCCNC(=O)N1CC(O)COCC2OC(CC(=O)NCc3ccc(-c4ccccc4)cc3)CCC21,0.26,5,536.3
C1=C(C(C=2C=CC(=CC2)CN3CCC(CC3)C(=O)NCCC(N)=O)=NC=4C1=CN=C(SC)N4)C5=CC=CC=C5,CCCNC(=O)N1CC(O)COCC2OC(CC(=O)NCc3ccc(-c4ccccc4)cc3)CCC21,0.26,5,536.3
S(=O)(=O)(NC=1C=C2N=C(C(=NC2=CC1)C)C)C3=CC=C(N)C=C3,COC1CN(C)C(=O)c2cc(NS(=O)(=O)c3ccc(F)cc3)ccc2OCC(C)N(C(=O)NC(C)C)CC1C,0.25,5,536.3
O=C1NC=2C(NC=3C1=CC=C(C=4C(C(OC)=O)=CC=CC4)C3)=CC=CC2,CC1CN(C(C)CO)S(=O)(=O)c2ccc(-c3ccccc3C(=O)N(C)C)cc2OC1CN(C)C(=O)Nc1ccccc1,0.25,5,536.3
FC1=CC=C(C=2N=C3N(C2C=4N=C(N=CC4)NCC(CO)(C)C)C=CN=C3)C=C1,CC(C)(C)S(=O)N1Cc2ccnc(-c3cccc(C#Cc4ccc(F)cc4)c3)c2C1CO,0.25,5,536.3
FC(F)(F)C1=CC=C([C@H](C(=O)N2CCN(C=3N=CN=C4C3[C@@H](C[C@H]4O)C)CC2)CN)C=C1,CC1CN(C(C)CO)C(=O)CCCn2nncc2COC1CN(C)C(=O)Nc1ccc(C(F)(F)F)cc1,0.25,5,536.3
FC(F)(F)C1=CC=C([C@H](C(=O)N2CCN(C=3N=CN=C4C3[C@@H](C[C@H]4O)C)CC2)CN)C=C1,CC1CN(C(C)CO)C(=O)CCCn2cc(nn2)COC1CN(C)Cc1ccc(C(F)(F)F)cc1,0.25,5,536.3
C=1(C=C2/C(/C(NC2=CC1)=O)=C(\C)/C=3NC=C(C3)CNC(C4=CN=CC=C4)=O)NC(N)=O,CN(C)CCCNC(=O)CC1CC2c3cc(NC(=O)c4cccnc4)ccc3OC2C(CO)O1,0.25,5,536.3
S1C(C(=O)NC1=O)=CC=2C=C(OC)C(O)=CC2,COc1cc(OCC(O)CC(C)(C)C)ccc1O,0.24,5,536.3
O=C(O)C=1N(C=2C(C1C=3C(=CC=CC3)C)=CC=CC2)CCCOC=4C=5C(C=CC4)=CC=CC5,COc1ccccc1CN(C)CC1OCc2ccccc2-c2ccccc2C(=O)N(C(C)CO)CC1C,0.24,5,536.3
FC=1C(C(=O)NC(CC2=CC=CC=C2)CO)=CC=C(C1)C=3C=CN=CC3,CC1CN(C(C)CO)S(=O)(=O)c2ccc(-c3ccccc3C(=O)N(C)C)cc2OC1CN(C)Cc1cccnc1,0.24,5,536.3
FC=1C(C(=O)NC(CC2=CC=CC=C2)CO)=CC=C(C1)C=3C=CN=CC3,CC1CN(C(C)CO)S(=O)(=O)c2ccc(-c3ccccc3C(=O)N(C)C)cc2OC1CN(C)Cc1cccnc1,0.24,5,536.3
FC(F)(F)C=1C=C(CNC2C(=NC=3C=CN=CC3)C(=O)C2=O)C=CC1,CC1CN(C(C)CO)C(=O)Cc2cc(NC(=O)CCC(F)(F)F)ccc2OC1CN(C)Cc1cccc(C(F)(F)F)c1,0.24,5,536.3
FC(F)(F)C1=CC=C([C@H](C(=O)N2CCN(C=3N=CN=C4C3[C@@H](C[C@H]4O)C)CC2)CN)C=C1,CC1CN(C(C)CO)C(=O)CCCn2cc(nn2)COC1CN(C)S(=O)(=O)c1ccc(C(F)(F)F)cc1,0.24,5,536.3
C=1(C=C2/C(/C(NC2=CC1)=O)=C/C=3NC=C(C3)C(=O)NCCC4=CC=NC=C4)NC(N)=O,CCCNC(=O)CC1CC2c3cc(NC(=O)Cc4ccncc4)ccc3OC2C(CO)O1,0.24,5,536.3
C=1(C=C2/C(/C(NC2=CC1)=O)=C/C=3NC=C(C3)C(=O)NCCC4=CC=NC=C4)NC(N)=O,CCCNC(=O)CC1CC2c3cc(NC(=O)Cc4ccncc4)ccc3OC2C(CO)O1,0.24,5,536.3
C1CCC(CC1)C(=O)N(C2=CC=C3N(C(=NC3=C2)NC(C=4C=CC(=CC4)C#N)=O)CCCC)C,CCCNC(=O)CC1CCC2C(COc3ccc(NC(=O)c4ccc(C(F)(F)F)cc4)cc3C(=O)N2C)O1,0.24,5,536.3
C1CCC(CC1)C(=O)N(C2=CC=C3N(C(=NC3=C2)NC(C=4C=CC(=CC4)C#N)=O)CCCC)C,CCCNC(=O)CC1CCC2C(COc3ccc(NC(=O)c4ccc(C(F)(F)F)cc4)cc3C(=O)N2C)O1,0.24,5,536.3
S(=O)(=O)(O)C=1C=2C(C(NCC=3C=C4OCOC4=CC3)=CC1)=C(O)C=CC2,CCNC(=O)CC1CC2c3cc(NC(=O)c4ccc5c(c4)OCO5)ccc3OC2C(CO)O1,0.23,5,536.3
FC(F)(F)C=1C=C(CNC2C(=NC=3C=CN=CC3)C(=O)C2=O)C=CC1,CC1CN(C(C)CO)S(=O)(=O)c2ccc(C#CCN(C)C)cc2OC1CN(C)Cc1cccc(C(F)(F)F)c1,0.23,5,536.3
C=1C=C(C=CC1C[C@@H](N)C(N2CCN(CC2)C=3C4=C(N=CN3)C=CC=C4)=O)C(F)(F)F,CC1CN(C(C)CO)S(=O)(=O)c2ccc(C=Cc3ccccc3)cc2OC1CN(C)Cc1ccc(C(F)(F)F)cc1,0.23,5,536.3
S(=O)(=O)(O)C=1C=2C(C(NCC=3C=C4OCOC4=CC3)=CC1)=C(O)C=CC2,CCCNC(=O)CC1CC2c3cc(NC(=O)c4ccc5c(c4)OCO5)ccc3OC2C(CO)O1,0.22,5,536.3
S(=O)(=O)(NC=1C=C2N=C(C(=NC2=CC1)C)C)C3=CC=C(N)C=C3,Cc1ccc(S(=O)(=O)Nc2ccc3c(c2)C(=O)N(C(C)CO)CC(C)C(CN(C)CC2CCCCC2)OCCCCC(C)O3)cc1,0.22,5,536.3
C1(CCN(C2=NC=NC=3NC=CC23)CC1)(C(NCC4=CC=C(C=C4)C(F)(F)F)=O)N,CC1CCCCOC(CN(C)Cc2ccc(C(F)(F)F)cc2)C(C)CN(C(C)CO)C(=O)c2cc(N(C)C)ccc2O1,0.21,5,536.3
O=C(N)C=1C=2NC(=NC2C=CC1)C3=CC=C(OCCN(CC)CC)C=C3,CCN(CC)CCOc1ccc(C(=O)c2ccc(O)c(O)c2)cc1,0.43,10,648.7
N1(C(=[N+](C=C1)CCCCCCCCCCCCCCCC)C)CC2=CC=CC=C2,Cc1ccc(C(=O)CCCCCCCCCCCCCCC(=O)NCc2ccccc2)cc1,0.43,10,648.7
N1(C(=[N+](C=C1)CCCCCCCCCCCCCCCC)C)CC2=CC=CC=C2,Cc1ccc(C(=O)CCCCCCCCCCCCCCC(=O)NCc2ccccc2)cc1,0.43,10,648.7
N1(C(=[N+](C=C1)CCCCCCCCCCCCCCCC)C)CC2=CC=CC=C2,CCCCCCCCCCCCCCCCCC(=O)Nc1ccc(C(C)(C)C)cc1,0.43,10,648.7
O=C(N)C=1C=2NC(=NC2C=CC1)C3=CC=C(OCCN(CC)CC)C=C3,CCN(CC)CCOc1ccc(S(=O)(=O)Nc2cccc(C(=O)O)c2)cc1,0.41,10,648.7
N1(C(=[N+](C=C1)CCCCCCCCCCCCCCCC)C)CC2=CC=CC=C2,CCCCCC(O)c1ccc(C(=O)NCCCCCCCCCCCCCC(=O)NCc2ccccc2)cc1,0.4,10,648.7
C1(=CC=C2N=CN=C(C2=C1)NCCC3=CC=C(C=C3)OC4=CC=CC=C4)N,COc1ccc(CNc2ncnc3ccc(-c4ccc(OC)cc4)cc23)cc1,0.4,10,648.7
N1(C(=[N+](C=C1)CCCCCCCCCCCCCCCC)C)CC2=CC=CC=C2,CCCCCCCCCCCCCCCCCCCCCCCCC(=O)Nc1ccccc1C(=O)O,0.39,10,648.7
O(C=1C(N=C(N)N)=CC(N=C(N)N)=CC1)CCCCCCCCCCCC,CCCCCCCCCOc1ccccc1C(=O)O,0.38,10,648.7
O=C(NC(C1=CC=CC=C1)C)C2=CC=C(C=3C=CN=CC3)C=C2,CC(NC(=O)CC1CCC(NC(=O)c2ccncc2)C(CO)O1)c1ccccc1,0.37,10,648.7
FC=1C=C(C(=O)NC2=CC=3C(=NNC3)C=C2)C=CC1,COC1CN(C)C(=O)c2cc(NC(=O)c3cccc(F)c3)ccc2OCC(C)NCC1C,0.36,10,648.7
FC(F)(F)C1=CC(NC(=O)NC2=CC=C(OC=3C=C(N=CC3)C(=O)NC)C=C2)=CC=C1,CN(C)C(=O)CC1CC2c3cc(NC(=O)Nc4cccc(C(F)(F)F)c4)ccc3OC2C(CO)O1,0.36,10,648.7
C=1C=CC=CC1C=2N=C(C3=C(N2)C=CC=C3)NC4=CC(C)=NN4,CC(C)(C)C(Nc1nc(-c2ccc(C(F)(F)F)cc2)nc2ccccc12)C(=O)O,0.36,10,648.7
C1(=C2C(C=CC=C2)=NC=N1)NC3=CC(OC)=CC=C3,CC(C(C)(C)C)C(C)(C)C(=O)Nc1ccc(C(=O)Nc2ncnc3ccccc23)cc1,0.36,10,648.7
S1C2=NNC(=C2C=C1C(=O)NCC3=CC(OC)=CC=C3)C4=CC=CC=C4,COc1cccc(CNC(=O)Cc2ccc(C(C)(C)C)cc2)c1,0.35,10,648.7
O=C(NCC1=CC=CC=C1)C2=CC=C(C=3C=CN=CC3)C=C2,CCN(CC)CCCNC(=O)CCCNC(=O)c1ccc(-c2ccccc2)cc1,0.35,10,648.7
O=C(N)C1=C2N=C(NC2=CC=C1)C3=NC(NCCCN4CCN(CC4)C)=CC=C3,CNc1nc(-c2ccc(F)cc2)nc2ccc(C(=O)NCCCN3CCN(C)CC3)cc12,0.35,10,648.7
N=1C=NC(=C2C1C=CC=C2)NCC=3C=CC(C(N4CCN(CC4)C5=NC=C(C=N5)CC)=O)=CC3,Cc1ccc(CNc2ncnc3ccc(C(=O)NCCCN4CCOCC4)cc23)cc1,0.35,10,648.7
N1(C(=[N+](C=C1)CCCCCCCCCCCCCCCC)C)CC2=CC=CC=C2,CCCCCCCCCCCCCCCCCCCCCCCCCCCC(=O)Nc1ccc(O)cc1,0.35,10,648.7
N1(C(=[N+](C=C1)CCCCCCCCCCCCCCCC)C)CC2=CC=CC=C2,CCCCCCCCCCCCCCCCCCCCCCCCCCCC(=O)Nc1ccc(C(C)C)cc1,0.35,10,648.7
N1(C(=[N+](C=C1)CCCCCCCCCCCCCCCC)C)CC2=CC=CC=C2,CCCCCCCCCCCCCCCCCCCCCC(=O)NC(CO)C(=O)O,0.35,10,648.7
ClC1=CC=C(CC(NC(=O)C2=CC=C(C=3C=CN=CC3)C=C2)CO)C=C1,CCCc1ccc(-c2ccc(C(=O)Nc3ccc(C(=O)NC(C)(C)C)cc3)cc2)cc1,0.34,10,648.7
C=1C(=NN2C(=NN=C2C1)C=3C=CC(=CC3)C(F)(F)F)NC4CC4,Nc1cc(NC2CCCC2)nc(Nc2ccc(C(F)(F)F)cc2)n1,0.34,10,648.7
C=1C(=NN2C(=NN=C2C1)C=3C=CC(=CC3)C(F)(F)F)NC4CC4,Nc1cc(NC2CCCC2)nc(Nc2ccc(C(F)(F)F)cc2)n1,0.34,10,648.7
N1(C(=[N+](C=C1)CCCCCCCCCCCCCCCC)C)CC2=CC=CC=C2,CCCCCCCCCCCCCCCCCCCCCCC(=O)Nc1ccc(S(=O)(=O)NC(=O)c2ccc(OC)cc2)cc1,0.33,10,648.7
FC=1C=C(C(=O)NC=2NN=C3C2C=C(C=4N=NN(C4)CC5=CC=CC=C5)C=C3)C=CC1,O=C(NC1CCC(CCn2cc(-c3cccc(F)c3)nn2)OC1CO)c1cccc(F)c1,0.33,10,648.7
FC1=C(C2=NN=C3NN=C(NC(=O)CCCN4CCN(CC4)CC)C3=C2)C=CC=C1F,COc1cccc(C=NNC(=O)CCCN2CCN(Cc3cc(F)ccc3F)CC2)c1,0.33,10,648.7
C=1C(C=2C3=C(SC2)C=CN=C3N)=CC=C(NC(NC=4C=C(C=CC4)Cl)=O)C1,COc1cccc(-c2ccc(C(=O)Nc3cccc(Cl)c3)cc2)c1C(=O)NCCC(F)(F)F,0.33,10,648.7
S1C2=NNC(=C2C=C1C(=O)NCC3=CC(OC)=CC=C3)C4=CC=CC=C4,COc1ccccc1C(=O)Nc1nc(C(=O)NCc2cccc(F)c2)cs1,0.32,10,648.7
O(C=1C=C(C2=CC(C(=O)C3=CC=CC=C3)=C(N)C=C2)C=NC1)CC(N)CC=4C=5C(NC4)=CC=CC5,CC(CCc1ccccc1)NC(=O)C(NC(=O)Cc1c[nH]c2ccccc12)c1ccccc1,0.32,10,648.7
N1(C(=[N+](C=C1)CCCCCCCCCCCCCCCC)C)CC2=CC=CC=C2,CCCCCCCCCCCCCCCCCCCCCCCC(=O)NCC(O)C(C)(C)CC(=O)O,0.32,10,648.7
FC(F)(F)C1=CC(NC(=O)NC2=CC=C(OC=3C=C(N=CC3)C(=O)NC)C=C2)=CC=C1,Cc1ccc(CNC(=O)CC2OCC(CO)C3Oc4ccc(NC(=O)Nc5ccc(C(F)(F)F)cc5)cc4C23)cc1,0.32,10,648.7
C1COCCN1CCCOC2=C(C=C3C(=C2)C(=NC=N3)NC4=CC(Cl)=C(F)C=C4)OC,CC(C)(C)c1ccc(S(=O)(=O)Nc2ncnc3ccc(C(=O)NCCCN4CCOCC4)cc23)cc1,0.32,10,648.7
C(C=1C=CC(=CC1)NC2=NC(=NC=C2F)NC=3C=CC(=CC3)O)(=O)NC=4C(=CC=CC4)Cl,CC(C)CC#Cc1cnc(C(=O)Nc2ccc(C(=O)Nc3ccc(C(=O)O)cc3)cc2)c2ccccc12,0.32,10,648.7
O=C1C(=NC=2C=CN=CC2)C(NCCC3=CC=C(OC4=CC=CC=C4)C=C3)C1=O,CCC(=O)N1C(C(=O)NCc2ccc(Oc3ccccc3)cc2)C(CO)C2Cn3c(ccc(C4=CCCCC4)c3=O)C21,0.31,10,648.7
O=C(N)C=1C=2NC(=NC2C=CC1)C3=CC=C(OCCN(CC)CC)C=C3,CCN(CC)CCCNC(=O)c1cccc(-c2ccc(Cl)cc2)c1,0.31,10,648.7
O(C1=CC2=C(N=C(N=C2C=C1)C3=CC(NC(=O)CCC)=CC=C3)NC=4C=C5C(NN=C5)=CC4)CCN6CCCC6,COc1ccc(CNc2nc(-c3cccnc3)nc3ccc(C(=O)NCCCN4CCOCC4)cc23)cc1,0.31,10,648.7
N1=CC=C2SC=C(C=3C=CC(=CC3)NC(NC4=CC(=CC=C4)C)=O)C2=C1N,CCCNC(=O)Nc1ccc(-c2cccnc2C#N)cc1,0.31,10,648.7
N1(C(=[N+](C=C1)CCCCCCCCCCCCCCCC)C)CC2=CC=CC=C2,CCCCCCCCCCCCCCCCCCCCCCCCCCC(=O)NC(CO)C(=O)O,0.31,10,648.7
ClC1=CC=C(CC(NC(=O)C2=CC=C(C=3C=CN=CC3)C=C2)CO)C=C1,CC(C)(C)c1ccc(C(=O)NC(Cc2ccc(O)cc2)C(=O)O)cc1,0.31,10,648.7
C1CCC(C(=O)N(C2=CC=C3C(N=C(N3C)NC(C=4C=CC(=CC4)C#N)=O)=C2)C)CC1,COC1CN(C)C(=O)c2cc(NC(=O)c3ccc(F)cc3)ccc2OCC(C)N(C(=O)C2CCCCC2)CC1C,0.31,10,648.7
C1=C(N)C(Cl)=C(N=C1C(NCC2=CC=C(C=C2)S(C)(=O)=O)=O)OCC,CC(C)(C)S(=O)N1Cc2cc(C(=O)NCc3ccc(F)cc3)nc(C(=O)O)c2C1CCO,0.31,10,648.7
C1=C(C=2C=CC=CC2)C(C=3C=CC(=CC3)CN4CCC(CC4)NC(NCC)=O)=NC=5C1=CN=C(SC)N5,CCNC(=O)Nc1ccc2c(c1)C(=O)N(C)CC(OC)C(C)CN(Cc1ccc(-c3ccccc3)cc1)C(C)CO2,0.31,10,648.7
C1=C(C=2C=CC=CC2)C(C=3C=CC(=CC3)CN4CCC(CC4)NC(NCC)=O)=NC=5C1=CN=C(SC)N5,CCNC(=O)Nc1ccc2c(c1)C(=O)N(C)CC(OC)C(C)CN(Cc1ccc(-c3ccccc3)cc1)C(C)CO2,0.31,10,648.7
C1=C(C=2C=CC=CC2)C(C=3C=CC(=CC3)CN4CCC(CC4)NC(NCC)=O)=NC=5C1=CN=C(SC)N5,CCNC(=O)Nc1ccc2c(c1)C(=O)N(C)CC(OC)C(C)CN(Cc1ccc(-c3ccccc3)cc1)C(C)CO2,0.31,10,648.7
C1=C(C=2C=CC=CC2)C(C=3C=CC(=CC3)CN4CCC(CC4)NC(NCC)=O)=NC=5C1=CN=C(SC)N5,CCNC(=O)Nc1ccc2c(c1)C(=O)N(C)CC(OC)C(C)CN(Cc1ccc(-c3ccccc3)cc1)C(C)CO2,0.31,10,648.7
C1=C(C=2C=CC=CC2)C(C=3C=CC(=CC3)CN4CCC(CC4)NC(NCC)=O)=NC=5C1=CN=C(SC)N5,CCNC(=O)Nc1ccc2c(c1)C(=O)N(C)CC(OC)C(C)CN(Cc1ccc(-c3ccccc3)cc1)C(C)CO2,0.31,10,648.7
C1=C(C=2C=CC=CC2)C(C=3C=CC(=CC3)CN4CCC(CC4)NC(NCC)=O)=NC=5C1=CN=C(SC)N5,CCNC(=O)Nc1ccc2c(c1)C(=O)N(C)CC(OC)C(C)CN(Cc1ccc(-c3ccccc3)cc1)C(C)CO2,0.31,10,648.7
S1C2=C(C(C3=CC=C(NC(=O)NC=4C(C(F)(F)F)=CC=CC4)C=C3)=C1)C(=NC=C2)N,CCN(CC)c1ccc(CCC(=O)Nc2ccc(S(=O)(=O)NC(CCC(=O)Nc3ccccc3C(F)(F)F)C(=O)O)cc2)cc1,0.3,10,648.7
FC(F)(F)C1=CC(NC(=O)NC2=CC=C(C3=C4C(NN=C4C)=CC=C3)C=C2)=CC=C1,CC1CCCCOC(CN(C)Cc2cccc(C(F)(F)F)c2)C(C)CN(C(C)CO)C(=O)c2cc(NC(=O)Nc3ccc(C(F)(F)F)cc3)ccc2O1,0.3,10,648.7
ClC1=C2C(NC(=O)C=3C=CC(Cl)=CC3)=C(SC2=CC=C1Cl)C(=O)N,CC(C)(C)C(NC(=O)c1ccc(Cl)cc1)C(=O)O,0.3,10,648.7
ClC1=C2C(NC(=O)C=3C=CC(Cl)=CC3)=C(SC2=CC=C1Cl)C(=O)N,CC(=O)Nc1cc(Cl)c(C(=O)Nc2nc(-c3ccc(Cl)cc3)cs2)c(Cl)c1,0.3,10,648.7
ClC1=C2C(NC(=O)C=3C=CC(=CC3)C)=C(SC2=CC=C1Cl)C(=O)N,Cc1ccc(C(=O)Nc2ccc(C(=O)c3cccc(C(C)(C)C)c3)cc2C(=O)O)cc1,0.3,10,648.7
C1=CC2=C(N=C(N2CCN3CCOCC3)NC(=O)C=4C=CC=C(C4)N(=O)=O)C=C1,CCCC#Cc1cccc(C(=O)NCCCN2CCOCC2)c1,0.3,10,648.7
C(=O)(NC=1C=2C(C(=CC1)OCCN3CCOCC3)=CC=CC2)NC4=CC(=NN4C5=CC=C(C=C5)C)C(C)(C)C,CC(C)(C)c1ccc(C(=O)c2ccc(C(=O)NCCCN3CCOCC3)cc2)cc1,0.3,10,648.7
C(=O)(NC=1C=2C(C(=CC1)OCCN3CCOCC3)=CC=CC2)NC4=CC(=NN4C5=CC=C(C=C5)C)C(C)(C)C,CC(C)(C)c1ccc(C(=O)c2ccc(C(=O)NCCCN3CCOCC3)cc2)cc1,0.3,10,648.7
C(=O)(NC=1C=2C(C(=CC1)OCCN3CCOCC3)=CC=CC2)NC4=CC(=NN4C5=CC=C(C=C5)C)C(C)(C)C,CC(C)(C)c1ccc(C(=O)c2ccc(C(=O)NCCCN3CCOCC3)cc2)cc1,0.3,10,648.7
S(=O)(=O)(NC=1C=C2N=C(C(=NC2=CC1)C)C)C3=CC=C(N)C=C3,COC1CN(C)C(=O)c2ccc(NS(=O)(=O)c3ccc(C)cc3)cc2OCC(C)NCC1C,0.29,10,648.7
S(=O)(=O)(NC(=O)C=1C=CC(C2=CC=C(F)C=C2)=CC1)C=3C=C(N(=O)=O)C(NCCSC4=CC=C(O)C=C4)=CC3,CN(C)C(=O)c1ccc(-c2ccc(NC(=O)CCCNCCCNC(=O)c3ccc(S(=O)(=O)NC(C)(C)C)cc3)cc2)cc1,0.29,10,648.7
O=C(NCC=1C=C(NC1)/C(=C\2/C3=C(NC2=O)C=CC(NC(=O)N)=C3)/C)CCN4CCCCC4,COc1ccc(CNC(=O)CC2CCC(NC(=O)CCN3CCCCC3)C(CO)O2)cc1,0.29,10,648.7
O=C(NCC1=CC=CC=C1)C2=CC=C(C=3C=CN=CC3)C=C2,CCCN1C(C(=O)NCc2ccc(-c3ccccc3)cc2)C(CO)C2Cn3c(ccc(-c4cncnc4)c3=O)C21,0.29,10,648.7
FC=1C=C(C(=O)NC2=CC=3C(=NNC3)C=C2)C=CC1,COC1CN(C)C(=O)c2cc(NC(=O)c3cccc(F)c3)ccc2OCC(C)N(CC2CCCCC2)CC1C,0.29,10,648.7
ClC1=CC=C(C(=O)NC=2C=C3NN=CC3=CC2)C=C1,CC(C)CC#Cc1ccc(C(=O)Nc2ccc(C(=O)O)cc2)cc1,0.29,10,648.7
C=1(C=C2/C(/C(=O)NC2=CC1)=C/C3=CC(=CN3)C4=CC(=CC=C4)C(=O)NCCN5CCCCC5)NC(N)=O,CN(C)C(=O)c1ccccc1-c1ccc(-c2nc(C(=O)NCCN3CCCCC3)cc3c2C(CCO)N(S(=O)C(C)(C)C)C3)cc1,0.29,10,648.7
C1(=C(N(C=2C=CC(=CC2)Cl)N=C1C3=CC=NC=C3)O)C=4C=CC(=CC4)F,O=C(NCc1ccc(Cl)cc1)C1C2NC(Cn3c2ccc(-c2ccc(F)cc2)c3=O)C1CO,0.29,10,648.7
S1C=2C(C(C3=CC=C(NC(=O)NC4=CC=C(OC)C=C4)C=C3)=C1)=C(N=CC2C5=CN(N=C5)CCO)N,COc1ccc(NC(=O)NC2CCC(CCn3cc(-c4ccccc4F)nn3)OC2CO)cc1,0.28,10,648.7
O=C(NCC1=CC=CC=C1)C2=CC=C(C=3C=CN=CC3)C=C2,CC(C)NC(=O)NC1CCC(CC(=O)NCc2ccc(-c3ccccc3)cc2)OC1CO,0.28,10,648.7
O=C(NC=1NN=C2C1C=C(C=3N=NN(C3)CC4=CC=CC=C4)C=C2)C5=CC=CC=C5,CCn1cc(-c2ccc(-c3ccccc3C3C(C#N)N(C(=O)c4cccnc4)C3CO)cc2)nn1,0.28,10,648.7
O=C(NC=1C=C2C(C3=CC=CC=C3)=CNC2=NC1)C=4C=CC(OC)=CC4,COc1ccc(C(=O)Nc2ccc3c(c2)C(=O)N(C(C)CO)CC(C)C(CN(C)Cc2ccc(C(F)(F)F)cc2)O3)cc1,0.28,10,648.7
O=C(NC=1C=C(C=CC1)NC2=NC=CC(=N2)NC3=CC(C(F)(F)F)=CC=C3)C4CC4,COC1CN(C)C(=O)c2cc(NC(=O)C3CCC3)ccc2OCC(C)N(Cc2cccc(C(F)(F)F)c2)CC1C,0.28,10,648.7
O=C(NC(C1=CC=CC=C1)C)C2=CC=C(C=3C=CN=CC3)C=C2,CC(NC(=O)CC1CCC(NC(=O)c2ccc3c(c2)OCO3)C(CO)O1)c1ccccc1,0.28,10,648.7
O=C(NC(C1=CC=CC=C1)C)C2=CC=C(C=3C=CN=CC3)C=C2,CC(NC(=O)CC1CCC(NC(=O)Cc2cccnc2)C(CO)O1)c1ccccc1,0.28,10,648.7
FC(F)(F)C1=CC(NC(=O)NC2=CC=C(OC=3C=C(N=CC3)C(=O)NC)C=C2)=CC=C1,Cc1ccc(C(=O)Nc2ccc(C(=O)NCCCNC(=O)c3ccc(C(F)(F)F)cc3)cc2)cc1,0.28,10,648.7
FC(F)(F)C1=CC(NC(=O)NC2=CC=C(OC=3C=C(N=CC3)C(=O)NC)C=C2)=CC=C1,CC(C)C(NC(=O)c1ccc(C(=O)Nc2ccc(C(F)(F)F)cc2)cc1)C(=O)O,0.28,10,648.7
C=1(C=C2/C(/C(NC2=CC1)=O)=C/C=3NC=C(C3)C(NCCN4CCCCC4)=O)NC(N)=O,O=C(CC1CCC(NC(=O)c2ccc(F)cc2)C(CO)O1)NCCN1CCCCC1,0.28,10,648.7
C(=O)(NC=1C=2C(C(=CC1)OCCN3CCOCC3)=CC=CC2)NC4=CC(=NN4C5=CC=C(C=C5)C)C(C)(C)C,CC(C)(C)c1ccc(CN(CCCCN2CCOCC2)Cc2ccc(-c3ccccc3-c3nnn[nH]3)cc2)cc1,0.28,10,648.7
S1C=2N(C(=C(N2)C3=CC(NC(=O)CC4=CC=CC=C4)=CC=C3)C=5N=C(N=CC5)NC=6C=C(N7C(=O)CCC7)C=CC6)C=C1,COC1CN(C)C(=O)c2cc(NC(=O)Cc3ccccc3)ccc2OCC(C)N(C(=O)Cc2ccccc2)CC1C,0.27,10,648.7
S1C2=C(C(C3=CC=C(NC(=O)NC=4C(F)=CC=CC4)C=C3)=C1)C(=NC=C2C5=COC=C5)N,CNC(=O)CC1CC2c3cc(NC(=O)Nc4ccccc4F)ccc3OC2C(CO)O1,0.27,10,648.7
O=C(O)C=1N(C=2C(C1C=3C(=CC=CC3)C)=CC=CC2)CCCOC=4C=5C(C=CC4)=CC=CC5,COc1cccc(CN(C)CC2OCc3ccccc3-c3c(n(C)c4ccccc34)C(=O)N(C(C)CO)CC2C)c1,0.27,10,648.7
O=C(O)C=1N(C=2C(C1C=3C(=CC=CC3)C)=CC=CC2)CCCOC=4C=5C(C=CC4)=CC=CC5,COc1ccc(CN(C)CC2OCc3ccccc3-c3c(n(C)c4ccccc34)C(=O)N(C(C)CO)CC2C)cc1,0.27,10,648.7
O=C(O)C=1N(C=2C(C1C=3C(=CC=CC3)C)=CC=CC2)CCCOC=4C=5C(C=CC4)=CC=CC5,COc1ccc(CN(C)CC2OCc3ccccc3-c3c(n(C)c4ccccc34)C(=O)N(C(C)CO)CC2C)cc1,0.27,10,648.7
O=C(O)C=1N(C=2C(C1C=3C(=CC=CC3)C)=CC=CC2)CCCOC=4C=5C(C=CC4)=CC=CC5,COc1ccc(C(=O)N(C)CC2OCc3ccccc3-c3c(n(C)c4ccccc34)C(=O)N(C(C)CO)CC2C)cc1,0.27,10,648.7
O=C(O)C=1N(C=2C(C1C=3C(=CC=CC3)C)=CC=CC2)CCCOC=4C=5C(C=CC4)=CC=CC5,COc1ccc(C(=O)N(C)CC2OCc3ccccc3-c3c(n(C)c4ccccc34)C(=O)N(C(C)CO)CC2C)cc1,0.27,10,648.7
O=C(O)C=1N(C=2C(C1C=3C(=CC=CC3)C)=CC=CC2)CCCOC=4C=5C(C=CC4)=CC=CC5,COc1ccc(C(=O)N(C)CC2OCc3ccccc3-c3c(n(C)c4ccccc34)C(=O)N(C(C)CO)CC2C)cc1,0.27,10,648.7
N=1C=NC(=C2C1C=CC=C2)NCC=3C=CC(C(N4CCN(CC4)C5=NC=C(C=N5)CC)=O)=CC3,CCCc1ccc(C(=O)N2CCN(CCCCCCC(=O)Nc3ccc(C(C)(C)C)cc3)CC2)cc1,0.27,10,648.7
ClC1=CC=C(C=C1)NC(=O)C2=C(NCC3=CC=NC=C3)C=CC=C2,COc1ccccc1CNC(=O)CC1CC2c3cc(NC(=O)Cc4ccncc4)ccc3OC2C(CO)O1,0.27,10,648.7
C1=CC=2C(=CNC2C=C1)C=3C=CN=CC3,Cc1ccccc1S(=O)(=O)NCCNC(=O)CCc1c[nH]c2ccccc12,0.27,10,648.7
S=C(NNC(=O)C(O)(C1=CC=CC=C1)C2=CC=CC=C2)NC=3C=CC(F)=CC3,CC1CN(C(C)CO)C(=O)c2c(c3ccccc3n2C)-c2ccccc2COC1CN(C)C(=O)Nc1ccc(F)cc1,0.26,10,648.7
S(=O)(=O)(N(C)C)C=1C(C=2C=C3NC=4C(NC(=O)C3=CC2)=CC=CC4)=CC=CC1,COc1cccc(S(=O)(=O)N(C)CC2OCc3ccccc3-c3ccccc3C(=O)N(C(C)CO)CC2C)c1,0.26,10,648.7
O=C(O)C=1N(C=2C(C1C=3C(=CC=CC3)C)=CC=CC2)CCCOC=4C=5C(C=CC4)=CC=CC5,CC1CN(C(C)CO)C(=O)c2c(c3ccccc3n2C)-c2ccccc2COC1CN(C)Cc1ccc(C(F)(F)F)cc1,0.26,10,648.7
O=C(O)C=1N(C=2C(C1C=3C(=CC=CC3)C)=CC=CC2)CCCOC=4C=5C(C=CC4)=CC=CC5,CC1CN(C(C)CO)C(=O)c2c(c3ccccc3n2C)-c2ccccc2COC1CN(C)Cc1ccc(C(F)(F)F)cc1,0.26,10,648.7
FC=1C=C(C(=O)NC2=CC=3C(=NNC3)C=C2)C=CC1,CCCc1cccc(C(=O)Nc2ccc3c(c2)OCC(C)N(C(=O)c2cccc(F)c2)CC(C)C(OC)CN(C)C3=O)c1,0.26,10,648.7
FC=1C=C(C(=O)NC2=CC=3C(=NNC3)C=C2)C=CC1,CCCc1cccc(C(=O)Nc2ccc3c(c2)OCC(C)N(C(=O)c2cccc(F)c2)CC(C)C(OC)CN(C)C3=O)c1,0.26,10,648.7
FC(F)(F)C1=CC(CC(N)COC2=CC(C=3N=CC4=NNC(=C4C3)C)=CN=C2)=CC=C1,COc1ccc(-c2cnc3c(c2)C(=O)N(C(C)CO)CC(C)C(CN(C)Cc2cccc(C(F)(F)F)c2)O3)cc1,0.26,10,648.7
ClC1=CC=C(C=C1)NC(=O)C2=C(NCC3=CC=NC=C3)C=CC=C2,COc1ccc(CNC(=O)CC2CC3c4cc(NC(=O)Cc5ccncc5)ccc4OC3C(CO)O2)cc1,0.26,10,648.7
C=1(C=C2/C(/C(NC2=CC1)=O)=C(\C)/C=3NC=C(C3)CNC(C4=CN=CC=C4)=O)NC(N)=O,CCCNC(=O)CC1CC2c3cc(NC(=O)c4cccnc4)ccc3OC2C(CO)O1,0.26,10,648.7
C1=CC2=C(N=C(N2CCN3CCOCC3)NC(=O)C=4C=CC=C(C4)N(=O)=O)C=C1,CC1CN(C(C)CO)C(=O)c2ccccc2-c2ccccc2COC1CN(C)C(=O)CCN1CCOCC1,0.26,10,648.7
C1=CC2=C(N=C(N2CCN3CCOCC3)NC(=O)C=4C=CC=C(C4)N(=O)=O)C=C1,CC1CN(C(C)CO)C(=O)c2c(c3ccccc3n2C)-c2ccccc2COC1CN(C)C(=O)CCN1CCOCC1,0.26,10,648.7
C1CCC(C(=O)N(C2=CC=C3C(N=C(N3C)NC(C=4C=CC(=CC4)C#N)=O)=C2)C)CC1,CC1CN(C(C)CO)C(=O)c2c(c3ccccc3n2C)-c2ccccc2COC1CN(C)C(=O)C1CCCCC1,0.25,10,648.7
C1=CC=CC(=C1)C(NC(=O)C2(N)CCN(CC2)C3=NC=NC4=C3C=CN4)C,CC(NC(=O)CC1CCC2C(COCC(O)CN2Cc2ccc(Cl)c(Cl)c2)O1)c1ccccc1,0.25,10,648.7
N1(C(=[N+](C=C1)CCCCCCCCCCCCCCCC)C)CC2=CC=CC=C2,CCCCCCCCCCCCCCCCCCC(=O)Nc1ccccc1O,0.47,15,779.0
N1(C(=[N+](C=C1)CCCCCCCCCCCCCCCC)C)CC2=CC=CC=C2,CCCCCCCCCCCCCCCCCC(=O)Nc1ccc(C(C)(C)C)cc1,0.43,15,779.0
C=1(C=C2/C(/C(NC2=CC1)=O)=C(\C)/C=3NC=C(C3)CNC(C4=CN=CC=C4)=O)NC(N)=O,CC(C)NC(=O)Nc1ccc2c(c1)C(=O)N(C(C)CO)CC(C)C(CN(C)Cc1cccnc1)OCCCCC(C)O2,0.43,15,779.0
ClC=1C=C2SC(=NC2=CC1)NC(=O)C3=C(OC)C=C(OC)C=C3,COc1ccc(C(=O)Nc2ccc(C(=O)N(C)C)cc2)c(OC)c1,0.42,15,779.0
C=1C=C(C=CC1C[C@@H](N)C(N2CCN(CC2)C=3C4=C(N=CN3)C=CC=C4)=O)F,O=C(c1ccc(F)cc1)N1CCN(c2ncnc3ccc(-c4ccc(F)cc4)cc23)CC1,0.42,15,779.0
S1C2=C(C(C3=CC=C(NC(=O)NC=4C(C(F)(F)F)=CC=CC4)C=C3)=C1)C(=NC=C2)N,CC(C)(C)Sc1ccc(NC(=O)Nc2ccc(C(=O)Nc3ccccc3C(F)(F)F)cc2)cc1,0.41,15,779.0
N1(C(=[N+](C=C1)CCCCCCCCCCCCCCCC)C)CC2=CC=CC=C2,CCCCCCCCCCCCCCCCCCCCCCC(=O)Nc1ccc(C)cc1,0.41,15,779.0
N1(C(=[N+](C=C1)CCCCCCCCCCCCCCCC)C)CC2=CC=CC=C2,CCCCCCCCCCCCCCCCCCCCCC(=O)Nc1ccc2ccccc2c1O,0.41,15,779.0
S(=O)(=O)(NC=1C=C2N=C(C(=NC2=CC1)C)C)C3=CC=C(N)C=C3,CC(C)(C)S(=O)N1CC(CCO)C2c3ccc(NS(=O)(=O)c4ccc(F)cc4)cc3NC21,0.4,15,779.0
N1(C(=[N+](C=C1)CCCCCCCCCCCCCCCC)C)CC2=CC=CC=C2,CCCCCCCCCCCCCCCC(=O)Nc1ccc(O)c(O)c1,0.4,15,779.0
N1(C(=[N+](C=C1)CCCCCCCCCCCCCCCC)C)CC2=CC=CC=C2,CCCCCCCCCCCCCCCC(=O)Nc1ccc(O)c(O)c1,0.4,15,779.0
ClC=1C=C2SC(=NC2=CC1)NC(=O)C3=C(OC)C=C(OC)C=C3,COc1ccc(C(=O)Nc2ncnc3ncn(C)c23)c(OC)c1,0.4,15,779.0
ClC=1C=C2SC(=NC2=CC1)NC(=O)C3=C(OC)C=C(OC)C=C3,COc1ccc(C(=O)Nc2ncnc3ncn(C)c23)c(OC)c1,0.4,15,779.0
C1CCC(CC1)C(=O)N(C2=CC=C3N(C(=NC3=C2)NC(C=4C=CC(=CC4)C#N)=O)CCCC)C,CC1CCCCOC(CN(C)S(=O)(=O)c2ccc(C#N)cc2)C(C)CN(C(C)CO)C(=O)c2cc(NC(=O)CCC(F)(F)F)ccc2O1,0.4,15,779.0
C1(=CC=C2N=CN=C(C2=C1)NCCC3=CC=C(C=C3)OC4=CC=CC=C4)N,COc1ccc(CNc2ncnc3ccc(-c4cccc(F)c4)cc23)cc1,0.4,15,779.0
S(=O)(=O)(O)C=1C=2C(C(NCC=3C=C4OCOC4=CC3)=CC1)=C(O)C=CC2,Cc1cccc(CNCCC2CCC(NC(=O)c3ccc4c(c3)OCO4)C(CO)O2)c1,0.39,15,779.0
O=C(NC(CC1=CC=CC=C1)CO)C2=CC=C(C=3C=CN=CC3)C=C2,CC(C)(C)c1ccc(C(=O)NC(Cc2ccccc2)C(=O)O)cc1,0.39,15,779.0
FC1=C(C2=NN=C3NN=C(NC(=O)CCCN4CCN(CC4)CC)C3=C2)C=CC=C1F,CC1CN(C(C)CO)C(=O)Cc2cc(NC(=O)CCCN3CCN(C)CC3)ccc2OC1CN(C)Cc1cccc(C(F)(F)F)c1,0.38,15,779.0
ClC1=CC=C(CC(NC(=O)C2=CC=C(C=3C=CN=CC3)C=C2)CO)C=C1,COC(CN(C)Cc1ccc(-c2ccncc2)cc1)C(C)CN(C(=O)Nc1ccc(F)cc1)C(C)CO,0.38,15,779.0
ClC1=CC=C(CC(NC(=O)C2=CC=C(C=3C=CN=CC3)C=C2)CO)C=C1,COC(CN(C)Cc1ccc(-c2ccncc2)cc1)C(C)CN(C(=O)Nc1ccc(F)cc1)C(C)CO,0.38,15,779.0
C=1(N=CN=C2[C@@H](C[C@H](C21)C)O)N3CCN(C(=O)[C@H](CNC(C)C)C=4C=CC(=C(C4)F)Cl)CC3,CC(C)NC(=O)N(C)CC1Oc2cc(C#CC3(O)CCCC3)ccc2S(=O)(=O)N(C(C)CO)CC1C,0.38,15,779.0
C1(=NN=C2NN=C(C2=C1)NC(=O)CCCN(C)C)C3=C(C(=CC=C3)F)F,CC1CN(C(C)CO)C(=O)c2cc(NC(=O)CCCN(C)C)ccc2OC1CN(C)C(=O)CCN(C)C,0.38,15,779.0
S1N=CC2=C(C3=CC=C(NC(=O)NC=4C=C(C(F)(F)F)C(F)=CC4)C=C3)C=CC=C12,COC1CN(C)C(=O)c2cc(NC(=O)Nc3ccc(F)cc3)ccc2OCC(C)N(CCC(F)(F)F)CC1C,0.37,15,779.0
S(=O)(=O)(O)C=1C=2C(C(NCC=3C=C4OCOC4=CC3)=CC1)=C(O)C=CC2,CCCC#Cc1ccc(C2C(C#N)N(C(=O)c3ccc4c(c3)OCO4)C2CO)cc1,0.37,15,779.0
S(=O)(=O)(NC=1C=C2N=C(C(=NC2=CC1)C)C)C3=CC=C(N)C=C3,CC1CCCCOC(CN(C)CC2CC2)C(C)CN(C(C)CO)C(=O)c2cc(NS(=O)(=O)c3ccc(F)cc3)ccc2O1,0.37,15,779.0
FC(F)(F)C1=CC=C([C@H](C(=O)N2CCN(C=3N=CN=C4C3[C@@H](C[C@H]4O)C)CC2)CN)C=C1,CC1CN(C(C)CO)C(=O)CCCn2cc(nn2)COC1CN(C)Cc1ccc(C(F)(F)F)cc1,0.37,15,779.0
ClC1=CC=C(C(=O)NC=2C=C3NN=CC3=CC2)C=C1,CCCNC(=O)N1CC(C)C(OC)CN(C)C(=O)c2cc(NC(=O)c3ccc(F)cc3)ccc2OCC1C,0.37,15,779.0
OCC1C2C1CN(C2)CC3=CC=C(C=4C=C5C(NC=6C=C(OC)C(OC7=CC=CC=C7)=CC6)=NC=NC5=CC4)C=C3,CCCNc1ncnc2ccc(-c3ccc(CN4CCN(CCO)CC4)cc3)cc12,0.36,15,779.0
O=C(O)C=1N(C=2C(C1C=3C(=CC=CC3)C)=CC=CC2)CCCOC=4C=5C(C=CC4)=CC=CC5,CC1CN(C(C)CO)C(=O)c2c(c3ccccc3n2C)-c2ccccc2COC1CN(C)Cc1ccc(C(F)(F)F)cc1,0.36,15,779.0
O=C(NC(CC1=CC=CC=C1)CO)C2=CC=C(C=3C=CN=CC3)C=C2,CC(C)(C)c1ccc(C(=O)NC(Cc2ccccc2)C(=O)NC(Cc2ccccc2)C(=O)O)cc1,0.36,15,779.0
N1(C(=[N+](C=C1)CCCCCCCCCCCCCCCC)C)CC2=CC=CC=C2,CCCCCCCCCCCCCCCCCCCCCCCC(=O)NC(C)C,0.36,15,779.0
ClC1=CC=C(C=C1)NC(=O)C2=C(NCC3=CC=NC=C3)C=CC=C2,CCCc1ccc(-c2ccccc2C(=O)Nc2ccc(C(=O)O)cc2)cc1,0.36,15,779.0
C=1(C=C2/C(/C(NC2=CC1)=O)=C/C=3NC=C(C3)C(NCCN4CCOCC4)=O)NC(N)=O,O=C(NCCN1CCOCC1)c1cccc(C(F)(F)F)c1,0.36,15,779.0
C1=C(N)C(Cl)=C(N=C1C(NCC2=CC=C(C=C2)S(C)(=O)=O)=O)OCC,CCCNC(=O)NC1CCC(CCNS(=O)(=O)c2ccc(C)cc2)OC1CO,0.36,15,779.0
OC=1C(=CC=C(N2CCOCC2)C1)C(=O)C,CC(C)CC#Cc1ccc2c(c1)OC(CN(C)C(=O)CCN1CCOCC1)C(C)CN(C(C)CO)S2(=O)=O,0.35,15,779.0
O(C=1C=C(C=NC1)CCC2=CC=NC=C2)CC3N(CC3)C,CN1CCN(C(=O)CC2CC3c4cc(NC(=O)Cc5ccncc5)ccc4OC3C(CO)O2)CC1,0.35,15,779.0
S1(=O)N=C(NC=2C=CC(F)=CC2)C(=N1)NCCCC,CCCCCCCC(=O)Nc1ccc(C(C)(C)C)cc1,0.34,15,779.0
O=C(NCC1=CC=CC=C1)C=2C=C(C3=CC4=C(N=C3)NC=C4)C=CC2,CCCc1cccc(-c2cccc(C(=O)Nc3cccc(C(=O)NCc4cccc(C(F)(F)F)c4)c3)c2)c1,0.34,15,779.0
O=C(NC(C1=CC=CC=C1)C)C2=CC=C(C=3C=CN=CC3)C=C2,CC(NC(=O)CC1CCC(NC(=O)c2ccc(F)cc2)C(CO)O1)c1ccccc1,0.34,15,779.0
N1(C(=[N+](C=C1)CCCCCCCCCCCCCCCC)C)CC2=CC=CC=C2,CCNC(=O)CCCCCCCCCCCCCCCCCCCCCCCCCCCCCCCCCCCCCCCCCCCCCCCCC(O)C(C)C,0.34,15,779.0
FC(F)(F)C1=CC(NC(=O)NC2=CC=C(OC=3C=C(N=CC3)C(=O)NC)C=C2)=CC=C1,COc1ccc(CNC(=O)CC2CC3c4cc(NC(=O)Nc5ccc(C(F)(F)F)cc5)ccc4OC3C(CO)O2)cc1,0.34,15,779.0
BrC1=CC=C(CNC(=O)NC2=CC=3C(=NNC3)C=C2)C=C1,CCCNC(=O)Nc1ccc2c(c1)CC(=O)N(C(C)CO)CC(C)C(CN(C)Cc1ccc(C(=O)O)cc1)O2,0.34,15,779.0
O=C1C(=NC=2N=C(NC3=CC(OC)=C(OC)C=C3)N=CC2)C(NC(C(C)(C)C)C)C1=O,COC1CN(C)C(=O)c2cc(NC(=O)NC(C)C)ccc2OCC(C)N(Cc2nccs2)CC1C,0.33,15,779.0
O=C(NCC1=CC=CC=C1)C2=CC=C(C=3C=CN=CC3)C=C2,CC(C)(C)S(=O)N1Cc2cc(-c3cccc(-c4ccncc4)c3)nc(C(=O)NCc3ccc(F)cc3)c2C1CO,0.33,15,779.0
O=C(NC1=CC=C(C=2C=C(C=CC2)C(=O)N)C=C1)NC3=CC(=CC=C3)C,Cc1cccc(CCC(=O)Nc2ccc(C(=O)c3ccccc3C(C)(C)C)cc2)c1,0.33,15,779.0
O=C(NC(CC1=CC=CC=C1)CO)C2=CC=C(C=3C=CN=CC3)C=C2,COC(CN(C)Cc1ccc(-c2ccccc2)cc1)C(C)CN(C(=O)c1ccc(F)cc1)C(C)CO,0.33,15,779.0
O1[C@@H](CCN2C=3C(C(C4=C(C=5C=6C(N(CC1)C5)=CC=CC6)C(=O)NC4=O)=C2)=CC=CC3)CN(C)C,CC1CN(C(C)CO)C(=O)c2c(c3ccccc3n2C)-c2ccccc2COC1CN(C)C(=O)CCC(F)(F)F,0.33,15,779.0
N1(C(=[N+](C=C1)CCCCCCCCCCCCCCCC)C)CC2=CC=CC=C2,CCCCCCCCCCCCCCCCCCCCCCCCCCCCCC(=O)Nc1ccc(C(C)(C)C)cc1,0.33,15,779.0
N1(C(=[N+](C=C1)CCCCCCCCCCCCCCCC)C)CC2=CC=CC=C2,CCCCCCCCCCCCCCCCCCCCCCCCCCCC(=O)NC(C)C,0.33,15,779.0
FC=1C=C(C(=O)NC=2NN=C3C2C=C(C=4N=NN(C4)CC5=CC=CC=C5)C=C3)C=CC1,CN(C)C(=O)c1cccc(CNC(=O)Cc2ccccc2NC(=O)c2cccc(F)c2)c1,0.33,15,779.0
C=1C=C(C=CC1C[C@@H](N)C(N2CCN(CC2)C=3C4=C(N=CN3)C=CC=C4)=O)F,COC1CN(C)C(=O)c2cc(NC(=O)NC(C)C)ccc2OCC(C)N(Cc2ccc(F)cc2)CC1C,0.33,15,779.0
C1(CCN(C2=NC=NC=3NC=CC23)CC1)(C(NCC4=CC=C(C=C4)C(F)(F)F)=O)N,CCNC(=O)CC1C(C(=O)NCc2ccc(C(F)(F)F)cc2)C2c3ccc(C4=CCCC4)c(=O)n3CC1N2Cc1ccccc1,0.33,15,779.0
C1(Br)=C(C=2C=3C=CNC3N=CC2)SC(C(=O)N[C@H](CN)CC4=CC=C(C=C4)C(F)(F)F)=C1,CC1CN(C(C)CO)C(=O)Cc2cc(NC(=O)CCCN(C)C)ccc2OC1CN(C)Cc1ccc(C(F)(F)F)cc1,0.33,15,779.0
C(C=1C=CC(=CC1)NC2=NC(=NC=C2F)NC=3C=CC(=CC3)O)(=O)NC=4C(=CC=CC4)Cl,CC1CN(C(C)CO)C(=O)c2cccc(NC(=O)CCCN(C)C)c2OC1CN(C)Cc1ccc(C(=O)Nc2ccccc2N)cc1,0.33,15,779.0
C(C=1C=CC(=CC1)NC2=NC(=NC=C2F)NC=3C=CC(=CC3)O)(=O)NC=4C(=CC=CC4)Cl,CC(C)c1ccc(C(=O)Nc2ccc(C(=O)Nc3ccc(C(=O)Nc4ccccc4C(=O)O)cc3)cc2)cc1,0.33,15,779.0
O=C1C(=NC=2C=CN=CC2)C(NCCC3=CC=C(OC4=CC=CC=C4)C=C3)C1=O,CCCNC(=O)NC1C=CC(CC(=O)NCc2ccc(Oc3ccccc3)cc2)OC1CO,0.32,15,779.0
O=C(NCC1=CC=CC=C1)C2=CC=C(C=3C=CN=CC3)C=C2,CC(C)(C)S(=O)N1Cc2cc(C(=O)NCc3ccc(F)cc3)nc(-c3cccc(-c4ccncc4)c3)c2C1CCO,0.32,15,779.0
FC=1C=C(C(=O)NC2=CC=3C(=NNC3)C=C2)C=CC1,CCNC(=O)CC1CCC2C(COc3ccc(NC(=O)c4cccc(F)c4)cc3C(=O)N2C)O1,0.32,15,779.0
FC(F)(F)C1=CC(NC(=O)NC2=CC=C(C3=C4C(NN=C4C)=CC=C3)C=C2)=CC=C1,CC1CN(C(C)CO)C(=O)c2cc(NC(=O)Nc3ccccc3)ccc2OC1CN(C)Cc1ccc(C(F)(F)F)cc1,0.32,15,779.0
C=1C=C(C=CC1C[C@@H](N)C(N2CCN(CC2)C=3C4=C(N=CN3)C=CC=C4)=O)F,COC1CN(C)C(=O)c2cc(NC(=O)NC(C)C)ccc2OCC(C)N(Cc2ccc(F)cc2)CC1C,0.32,15,779.0
C=1C=C(C=CC1C[C@@H](N)C(N2CCN(CC2)C=3C4=C(N=CN3)C=CC=C4)=O)C(F)(F)F,O=C(CCN1CCN(c2ccc(Cl)cc2)CC1)Nc1ccc(C(F)(F)F)cc1,0.32,15,779.0
C1(NC(N)=O)=CC=C2NC(/C(=C\C=3NC=C(C3)C(O)=O)/C2=C1)=O,CCCC=CC=C1C(=O)Nc2ccc(C(=O)O)cc21,0.32,15,779.0
S1C2=NC=NC(N)=C2C(C(=O)NC3=CC=C(NC(=O)NC4=CC=C(C=C4)C)C=C3)=C1,CCNc1ccc(C(=O)Nc2ccc(C(=O)Nc3ccc(C(=O)O)cc3)cc2)cc1,0.31,15,779.0
S1C2=C(C(C3=CC=C(NC(=O)NC=4C(C(F)(F)F)=CC=CC4)C=C3)=C1)C(=NC=C2)N,O=C(Nc1ccc(C(F)(F)F)cc1)c1nc2ccccc2s1,0.31,15,779.0
O=C(NCC1=CC=CC=C1)C2=CC=C(C=3C=CN=CC3)C=C2,CC(=O)Nc1ccc(C(=O)NCCCNC(=O)c2ccc(-c3ccccc3Cl)cc2)cc1,0.31,15,779.0
O=C(NC1=C2C(=NC=C1)C=CC=C2)NC=3N=CC=NC3,CCCCC(=O)Nc1cccc2ncccc12,0.31,15,779.0
N1(C(=[N+](C=C1)CCCCCCCCCCCCCCCC)C)CC2=CC=CC=C2,CCCCCCCCCCCCCCCCCCCCCC(=O)OCCOC1OC(C)CC(O)C1O,0.31,15,779.0
O=C(NC=1C=C2C(C3=CC=CC=C3)=CNC2=NC1)C=4C=CC(OC)=CC4,COc1ccc(C(=O)Nc2ccc3c(c2)OCC(C)N(C(=O)c2ccncc2)CC(C)C(OC)CN(C)C3=O)cc1,0.3,15,779.0
O=C(NC(C1=CC=CC=C1)C)C2=CC=C(C=3C=CN=CC3)C=C2,CC(NC(=O)CC1CCC(NC(=O)c2cccnc2)C(CO)O1)c1ccccc1,0.3,15,779.0
O=C(NC(C1=CC=CC=C1)C)C2=CC=C(C=3C=CN=CC3)C=C2,CC(NC(=O)CC1C=CC(NC(=O)c2ccccn2)C(CO)O1)c1ccccc1,0.3,15,779.0
O(C1=CC=C(C=2C=3C(N(C2)C4CCC(N5CCN(CC5)C)CC4)=NC=NC3N)C=C1)C6=CC=CC=C6,CCCN1CCC(CN2CCC(c3ccc(-c4ccccc4-c4nnc5n4CCN(C)C5)cc3)C2)C1,0.3,15,779.0
N=1C=NC(=C2C1C=CC=C2)NCC=3C=CC(C(N4CCN(CC4)C5=NC=C(C=N5)CC)=O)=CC3,CC(C)(C)c1ccc(C(=O)N2CCN(Cc3ccc(-c4ccc(F)cc4)cc3)CC2)cc1,0.3,15,779.0
N1(C(=[N+](C=C1)CCCCCCCCCCCCCCCC)C)CC2=CC=CC=C2,CCCCCCCCCCCCCCCCCCCCCCCCCCCCCC(O)C(O)C(O)CO,0.3,15,779.0
ClC1=CC=C(CCNC(=O)C=2SC3=NNC(=C3C2)C)C=C1,CCN(CC)CCCNC(=O)CCc1ccc(Cl)cc1,0.3,15,779.0
ClC1=CC=C(C(=O)NC=2C=C3NN=CC3=CC2)C=C1,O=C(O)COC(=O)c1ccc(NC(=O)c2ccc(F)cc2)cc1,0.3,15,779.0
BrC1=CC=C(C=2C3=C(SC2)C(=CN=C3N)C=CC(=O)NCCCN4C=NC=C4)C=C1,CC(C)(C)c1ccc(C(=O)c2ccc(C(=O)NCCCn3ccnc3)cc2)cc1,0.3,15,779.0
S=C(NNC(=O)C(O)(C1=CC=CC=C1)C2=CC=CC=C2)NC=3C=CC(F)=CC3,COc1ccc(CNC(=O)CC2CCC3C(COCC(O)CN3C(=O)Nc3ccc(F)cc3)O2)cc1,0.29,15,779.0
S1C2=NC=NC(N)=C2C(C(=O)NC=3C=CC(NC(=O)NC4=C(C=CC=C4)C)=CC3)=C1,Cc1ccccc1NC(=O)c1ccccc1NC(=O)c1ccccc1NC(=O)c1ccccc1NC(=O)c1ccc(C(C)(C)C)cc1,0.29,15,779.0
S(=O)(=O)(O)C=1C=2C(C(NCC=3C=C4OCOC4=CC3)=CC1)=C(O)C=CC2,CN(C)c1ccc2c(c1)C1CC(CC(=O)NCc3ccc4c(c3)OCO4)OC(CO)C1O2,0.29,15,779.0
S(=O)(=O)(O)C=1C=2C(C(NCC=3C=C4OCOC4=CC3)=CC1)=C(O)C=CC2,CC(C)(C)S(=O)N1Cc2cc(C(=O)NCc3ccc4c(c3)OCO4)nc(-c3cccc(-c4cccnc4)c3)c2C1CCO,0.29,15,779.0
O=C(O)C=1N(C=2C(C1C=3C(=CC=CC3)C)=CC=CC2)CCCOC=4C=5C(C=CC4)=CC=CC5,CC1CN(C(C)CO)C(=O)c2c(c3ccccc3n2C)-c2ccccc2COC1CN(C)Cc1ccc(C(F)(F)F)cc1,0.29,15,779.0
N=1C=CC(NC=2C=CC=CC2C(O)=O)=NC1NC3=CC(=CC=C3)O,CCc1ccccc1C(=O)c1cccc(C(=O)c2ccccc2C(=O)O)c1,0.29,15,779.0
BrC1=CC=C(C2=NOC(=O)C2=CC=3C=C(OC)C(OC)=CC3)C=C1,COc1ccc(C#Cc2ccc(C(C)(C)C)cc2)cc1OC,0.29,15,779.0
S1C2=NNC(=C2C=C1C(=O)NCC3CCCCC3)C4=CC=CC=C4,CC(NC(=O)CC1CCC(NC(=O)NC2CCCCC2)C(CO)O1)c1ccccc1,0.28,15,779.0
S(=O)(=O)(NC=1C=C2N=C(C(=NC2=CC1)C)C)C3=CC=C(N)C=C3,CCNC(=O)CC1CC2c3cc(NS(=O)(=O)c4ccc(C)cc4)ccc3OC2C(CO)O1,0.28,15,779.0
O=C(O)C=1N(C=2C(C1C=3C(=CC=CC3)C)=CC=CC2)CCCOC=4C=5C(C=CC4)=CC=CC5,COC(C(=O)N(C)CC1OCc2ccccc2-c2c(n(C)c3ccccc23)C(=O)N(C(C)CO)CC1C)c1ccccc1,0.28,15,779.0
O=C(O)C=1N(C=2C(C1C=3C(=CC=CC3)C)=CC=CC2)CCCOC=4C=5C(C=CC4)=CC=CC5,CC1CN(C(C)CO)C(=O)c2c(c3ccccc3n2C)-c2ccccc2COC1CN(C)Cc1cccnc1,0.28,15,779.0
O=C(NC(CC1=CC=CC=C1)CO)C2=CC=C(C=3C=CN=CC3)C=C2,CC(C)NC(=O)Nc1cccc2c1OC(CN(C)Cc1ccc(-c3ccccc3)cc1)C(C)CN(C(C)CO)C2=O,0.28,15,779.0
FC(F)(F)C=1C(=NC(NC2=CC=3C4N(C(C3C=C2)CC4)C(=O)CNC(=O)C)=NC1)NC5CCC5,CC(C)NC(=O)N(C)CC1OCCCCC(C)Oc2ccc(NC(=O)CCC(F)(F)F)cc2C(=O)N(C(C)CO)CC1C,0.28,15,779.0
FC(F)(F)C1=CC(NC(=O)NC2=CC=C(OC=3C=C(N=CC3)C(=O)NC)C=C2)=CC=C1,CC(C)(C)C(NC(=O)CCNC(=O)c1cc(S(=O)(=O)Nc2cccc(C(F)(F)F)c2)ccc1Cl)C(=O)O,0.28,15,779.0
FC(F)(F)C1=CC(NC(=O)NC2=CC=C(C3=C4C(NN=C4C)=CC=C3)C=C2)=CC=C1,CC1CCCCOC(CN(C)Cc2ccc(C(F)(F)F)cc2)C(C)CN(C(C)CO)C(=O)c2cc(NC(=O)Nc3ccccc3)ccc2O1,0.28,15,779.0
O=C\1NC2=C(/C1=C(/C=3NC=C(C3)CNC(=O)C4=CC=NC=C4)\C)C=C(NC(=O)N)C=C2,CCCNC(=O)N1CC(C)C(OC)CN(C)C(=O)c2cc(NC(=O)c3ccncc3)ccc2OCC1C,0.27,15,779.0
O=C\1NC2=C(/C1=C(/C=3NC=C(C3)CNC(=O)C4=CC=NC=C4)\C)C=C(NC(=O)N)C=C2,CC1CCCCOC(CN(C)C(=O)c2ccncc2)C(C)CN(C(C)CO)C(=O)c2cc(NC(=O)c3ccncc3)ccc2O1,0.27,15,779.0
O=C(NC(CC1=CC=CC=C1)CO)C2=CC=C(C=3C=CN=CC3)C=C2,CCCNC(=O)Nc1ccc2c(c1)C(=O)N(C(C)CO)CC(C)C(CN(C)Cc1ccc(-c3ccccc3)cc1)O2,0.27,15,779.0
O(C=1C=C(C2=CC3=C(C=C2)C=NC=C3)C=NC1)CC(NC(=O)CN(C)C)CC=4C=5C(NC4)=CC=CC5,CCNCCC(NC(=O)CCc1c[nH]c2ccccc12)c1ccc(C(=O)Nc2ccccc2C(=O)NCCCN(C)C)cc1,0.27,15,779.0
S1C2=C(C(C3=CC(F)=CC=C3)=CN=C2)C=C1C(OC)=O,CCNc1ccc2c(c1)C(=O)N(C)CC(OC)C(C)CN(Cc1cccc(F)c1)C(C)CO2,0.26,15,779.0
O=C(O)C=1N(C=2C(C1C=3C(=CC=CC3)C)=CC=CC2)CCCOC=4C=5C(C=CC4)=CC=CC5,CC1CN(C(C)CO)C(=O)c2c(c3ccccc3n2C)-c2ccccc2COC1CN(C)Cc1ccc(C(F)(F)F)cc1,0.26,15,779.0
O=C(NC(C1=CC=CC=C1)C)C2=CC=C(C=3C=CN=CC3)C=C2,CC(CNC(=O)CCNC(=O)C1CCCC1c1ccc(S(=O)(=O)c2ccccc2)cc1)c1ccccc1,0.25,15,779.0
FC(F)(F)C=1C(=NC(NC2=CC=3C4N(C(C3C=C2)CC4)C(=O)CNC(=O)C)=NC1)NC5CCC5,CC(C)NC(=O)Nc1ccc2c(c1)C(=O)N(C(C)CO)CC(C)C(CN(C)C(=O)CCC(F)(F)F)OCCCCC(C)O2,0.25,15,779.0
FC(F)(F)C1=CC=C([C@H](C(=O)N2CCN(C=3N=CN=C4C3[C@@H](C[C@H]4O)C)CC2)CN)C=C1,CC1CN(C(C)CO)C(=O)CCCn2cc(nn2)COC1CN(C)Cc1ccc(C(F)(F)F)cc1,0.25,15,779.0
S1C(C(=O)NC1=O)=CC=2C=C(OC)C(O)=CC2,COc1ccc(C=C2SC(=O)NC2=O)cc1OC,0.65,20,786.2
C=1C=C(C=CC1C[C@@H](N)C(N2CCN(CC2)C=3C4=C(N=CN3)C=CC=C4)=O)F,O=C(NCCCN1CCN(c2ncnc3ccccc23)CC1)c1ccc(F)cc1,0.57,20,786.2
ClC1=CC=C(C(=O)NC=2C=C3NN=CC3=CC2)C=C1,CC(C(C)(C)C)C(C)(C)C(O)CCC(=O)Nc1ccc(C(=O)c2ccc(Cl)cc2)cc1,0.45,20,786.2
OCCNC1=NC=C2C(C=C(C3=CN=CC=C3)C=C2)=C1,CC(C)CCNC(=O)CN1C(C#N)C(c2ccc(-c3cccnc3)cc2)C1CO,0.44,20,786.2
N1(C(=[N+](C=C1)CCCCCCCCCCCCCCCC)C)CC2=CC=CC=C2,CCCCCCCCCCCCCCCCCCCCCC(=O)Nc1ccccc1C(=O)O,0.42,20,786.2
ClC1=CC(=C(NC(=S)NNC(=O)C(O)(C2=CC=CC=C2)C3=CC=CC=C3)C=C1)C,CNCC(O)c1ccccc1S(=O)(=O)NCCCCCCCC(=O)Nc1ccccc1S(=O)(=O)NC(=O)c1ccccc1,0.42,20,786.2
ClC1=C(OCC)N=C(C(=O)NCC=2C(S(=O)(=O)N)=CC=CC2)C=C1N,COc1ccccc1CNC(=O)CC1CCC(NC(=O)C(C)(C)C)C(CO)O1,0.42,20,786.2
C=1C(=C(C=CC1C[C@@H](N)C(N2CCN(CC2)C=3C4=C(N=CN3)C=CC=C4)=O)F)F,CN1CCN(c2ncnc3ccc(-c4ccccc4F)cc23)CC1,0.42,20,786.2
N1(C(=[N+](C=C1)CCCCCCCCCCCCCCCC)C)CC2=CC=CC=C2,CCCCCCCCCCCCCCCCCCC(=O)NC(C)C,0.41,20,786.2
ClC1=C2C(NC(=O)C=3C=CC(Cl)=CC3)=C(SC2=CC=C1Cl)C(=O)N,O=C(CNC(=O)c1ccc(Cl)cc1)Nc1ccc(Cl)c(Cl)c1,0.41,20,786.2
ClC1=C2C(NC(=O)C=3C=CC(Cl)=CC3)=C(SC2=CC=C1Cl)C(=O)N,O=C(CNC(=O)c1ccc(Cl)cc1)Nc1ccc(Cl)c(Cl)c1,0.41,20,786.2
S(=O)(=O)(O)C=1C=2C(C(NCC=3C=C4OCOC4=CC3)=CC1)=C(O)C=CC2,CCCNC(=O)CC1CC2c3cc(NC(=O)c4ccc5c(c4)OCO5)ccc3OC2C(CO)O1,0.4,20,786.2
N1(C(=[N+](C=C1)CCCCCCCCCCCCCCCC)C)CC2=CC=CC=C2,CCCCCCCCCCCCCCCCCCCCCCCC(=O)Nc1ccccc1C(=O)O,0.4,20,786.2
N1(C(=[N+](C=C1)CCCCCCCCCCCCCCCC)C)CC2=CC=CC=C2,CCCCCCCCCCCCCCCCCCCC(=O)Nc1ccc(O)c(O)c1,0.4,20,786.2
N1(C(=[N+](C=C1)CCCCCCCCCCCCCCCC)C)CC2=CC=CC=C2,CCCCCCCCCCCCCCCCC(=O)NC(CO)C(=O)O,0.4,20,786.2
FC(F)(F)C1=CC=2OC=3C(C(=O)C2C=C1)C(=O)CCC3,CCC(=O)Nc1ccc2c(c1)OCC(C)N(CCC(F)(F)F)CC(C)C(OC)CN(C)C2=O,0.4,20,786.2
C=1C=2N=CN(C2C=C(OC)C1OC)C3=CC(OCC4=CC=CC=C4C(F)(F)F)=C(S3)C(=O)O,CC1CN(C(C)CO)C(=O)CCCn2nncc2COC1CN(C)Cc1ccccc1C(F)(F)F,0.4,20,786.2
BrC1=CC=C(C2=NOC(=O)C2=CC=3C=C(OC)C(OC)=CC3)C=C1,COc1ccc(C=C2C(=O)Nc3ccc(OCC(=O)O)cc32)cc1OC,0.4,20,786.2
S1C2=C(C3=C1N=CN=C3N)C4=C(CC2)C=C(NC(=O)NC5=CC=CC=C5)C=C4,CC1CN(C(C)CO)C(=O)c2cc(NC(=O)Nc3ccccc3)ccc2OC1CN(C)CC1CC1,0.39,20,786.2
N1(C(=[N+](C=C1)CCCCCCCCCCCCCCCC)C)CC2=CC=CC=C2,CCCCCCCCCCCCCCCCCCCCCC(O)COc1ccc(O)cc1,0.39,20,786.2
N1(C(=[N+](C=C1)CCCCCCCCCCCCCCCC)C)CC2=CC=CC=C2,CCCCCCCCCCCCCCCCCCCCCC(O)CO,0.39,20,786.2
FC(F)(F)C1=CC(NC(=O)NC2=CC=C(C3=C4C(NN=C4C)=CC=C3)C=C2)=CC=C1,CC1CN(C(C)CO)C(=O)c2cc(NC(=O)Cc3cn(C)c4ccccc34)ccc2OC1CN(C)C(=O)c1ccc(C(F)(F)F)cc1,0.39,20,786.2
S1C=2C(C(C3=CC=C(NC(=O)NC4=CC=C(OC)C=C4)C=C3)=C1)=C(N=CC2C5=CN(N=C5)CCO)N,COc1ccc(NC(=O)N(C)CC2Oc3ccc(NC(=O)Cc4ccccc4)cc3C(=O)N(C(C)CO)CC2C)cc1,0.38,20,786.2
S1C2=C(C(C3=CC=C(NC(=O)NC=4C(F)=CC=CC4)C=C3)=C1)C(=NC=C2C5=COC=C5)N,COC1CN(C)C(=O)c2ccc(NS(C)(=O)=O)cc2OCC(C)N(C(=O)Nc2ccccc2F)CC1C,0.38,20,786.2
N1(C(=[N+](C=C1)CCCCCCCCCCCCCCCC)C)CC2=CC=CC=C2,CCCCCCCCCCCCCCCCCCCCCCCCCCCCCCCCCCCCCCCCCCCCCCCCCCCCCCCCCCCCCCCCCCCCCCCCCCCCCCCCCCCCCCCCCCCCCCCCCCCC=O,0.38,20,786.2
N1(C(=[N+](C=C1)CCCCCCCCCCCCCCCC)C)CC2=CC=CC=C2,CCCCCCCCCCCCCCCCCCCCCCCC(=O)Nc1ccc(C(C)C)cc1,0.38,20,786.2
N1(C(=[N+](C=C1)CCCCCCCCCCCCCCCC)C)CC2=CC=CC=C2,CCCCCCCCCCCCCCCCCCCCCCC(=O)Nc1ccc(C(=O)O)cc1,0.38,20,786.2
FC(F)(F)C=1C=C(CNC2C(=NC=3C=CN=CC3)C(=O)C2=O)C=CC1,CC1CN(C(C)CO)C(=O)CCCn2cc(nn2)COC1CN(C)Cc1cccc(C(F)(F)F)c1,0.38,20,786.2
S(=O)(=O)(O)C=1C=2C(C(NCC=3C=C4OCOC4=CC3)=CC1)=C(O)C=CC2,COc1ccccc1CNC(=O)CC1CC2c3cc(NC(=O)c4ccc5c(c4)OCO5)ccc3OC2C(CO)O1,0.37,20,786.2
O=C(NC1=CC=C(C=2C=C(C=CC2)C(=O)N)C=C1)NC3=CC(=CC=C3)C,Cc1cccc(C(=O)Nc2ccc(C(=O)Nc3ccccc3C(C)(C)C)cc2)c1,0.37,20,786.2
C1=C(C=2C=CC=CC2)C(C=3C=CC(=CC3)CNCCCN4CCN(CC4)C)=NC=5C1=CN=C(SC)N5,COc1ccccc1-c1ccc(CNCCCN2CCN(Cc3ccc(CNCCOCCO)cc3)CC2)cc1,0.37,20,786.2
S1C2=C(C(C3=CC=C(NC(=O)NC=4C(C(F)(F)F)=CC=CC4)C=C3)=C1)C(=NC=C2)N,CC(CC(C)(C)C)C(=O)Nc1ccc(C(=O)Nc2ccccc2C(F)(F)F)cc1,0.36,20,786.2
S(=O)(=O)(NC=1C=C2N=C(C(=NC2=CC1)C)C)C3=CC=C(N)C=C3,COC1CN(C)C(=O)c2cc(NS(=O)(=O)c3cccc(C)c3)ccc2OCC(C)NCC1C,0.36,20,786.2
OCC1C2C1CN(C2)CC3=CC=C(C=4C=C5C(NC=6C=C(OC)C(OC7=CC=CC=C7)=CC6)=NC=NC5=CC4)C=C3,Cc1ccc(CNc2ncnc3ccc(-c4ccc(C(O)CC(C)C)cc4)cc23)cc1,0.36,20,786.2
OC=1C=C(C=C(C(=O)NCC2=CC=CC=C2)C#N)C=CC1O,CC(C)=CC=Cc1ccc(O)c(O)c1,0.36,20,786.2
O=C(NC1=CN=CC=C1)NCCCCCCNC(=O)NC2=CN=CC=C2,CCCCCCNC(=O)CC1CC2c3cc(NC(=O)c4cccnc4)ccc3OC2C(CO)O1,0.36,20,786.2
O=C(N)C=1C=2NC(=NC2C=CC1)C3=CC=C(OCCN(CC)CC)C=C3,CCN(CC)CCOc1ccc(S(=O)(=O)NC(C)(C)C)cc1,0.36,20,786.2
ClC1=CC=C(C(=O)NC=2C=C3NN=CC3=CC2)C=C1,O=C(O)c1ccc(NC(=O)c2ccc(NC(=O)c3ccc(Cl)cc3)cc2)cc1,0.36,20,786.2
ClC1=CC=C(C(=O)NC=2C=C3NN=CC3=CC2)C=C1,O=C(O)c1ccc(NC(=O)c2ccc(NC(=O)c3ccc(Cl)cc3)cc2)cc1,0.36,20,786.2
ClC1=CC=C(C(=O)NC=2C=C3NN=CC3=CC2)C=C1,CC(=O)Nc1ccc(C(=O)Nc2ccc(Cl)cc2Cl)cc1,0.36,20,786.2
C1(=C2C(C=CC=C2)=NC=N1)NC3=CC(OC)=CC=C3,CCN(CC)CCCNc1ncnc2ccccc12,0.36,20,786.2
S1C2=NNC(=C2C=C1C(=O)NCC3=CC(OC)=CC=C3)C4=CC=CC=C4,COc1cccc(CNC(=O)CC2CCC3C(COCC(O)CN3C(=O)c3cccc(F)c3)O2)c1,0.35,20,786.2
O=C1NC=2C(NC=3C1=CC=C(C=4C(C(OC)=O)=CC=CC4)C3)=CC=CC2,CCCCCC1CCCNC(=O)Oc2cc(-c3ccccc3C(=O)Nc3ccccc3C)ccc2NC1=O,0.35,20,786.2
O=C(O)C=1N(C=2C(C1C=3C(=CC=CC3)C)=CC=CC2)CCCOC=4C=5C(C=CC4)=CC=CC5,CC1CN(C(C)CO)C(=O)c2c(c3ccccc3n2C)-c2ccccc2COC1CN(C)Cc1ccc(C(F)(F)F)cc1,0.35,20,786.2
O=C(N)C=1C=2NC(=NC2C=CC1)C3=CC=C(OCCN(CC)CC)C=C3,CCN(CC)CCOc1ccccc1C(=O)c1ccc(C(C)(C)C)cc1,0.35,20,786.2
FC(F)(F)C=1C=C(CNC2C(=NC=3C=CN=CC3)C(=O)C2=O)C=CC1,CC1CN(C(C)CO)C(=O)c2ccccc2-c2ccccc2COC1CN(C)Cc1cccc(C(F)(F)F)c1,0.35,20,786.2
C1(CCN(C2=NC=NC=3NC=CC23)CC1)(C(NCC4=CC=C(C=C4)C(C)(C)C)=O)N,CC(C)(C)c1ccc(C(=O)NC2CCC(C(C)(C)C)CC2(C)C)cc1,0.35,20,786.2
C1(=C2C(C=CC=C2)=NC=N1)NC3=CC(OC)=CC=C3,CC(C#N)CNC(=O)CNc1ncnc2ccccc12,0.35,20,786.2
OCC1C2C1CN(C2)CC3=CC=C(C=4C=C5C(NC=6C=C(OC)C(OC7=CC=CC=C7)=CC6)=NC=NC5=CC4)C=C3,COc1ccc(CNc2ncnc3ccc(-c4ccc5c(c4)OCO5)cc23)cc1OC,0.34,20,786.2
O=C(NC1=CC=C(C=2C=C(C=CC2)C(=O)N)C=C1)NC3=CC(=CC=C3)C,Cc1cccc(-c2cccc(C=Cc3cccc(C(=O)O)c3)c2)c1,0.34,20,786.2
O(C=1C=C(C=NC1)C=CC2=CC=NC=C2)CC(N)CC3=CC=CC=C3,CC1CN(C(C)CO)S(=O)(=O)c2ccc(C=Cc3ccccc3)cc2OC1CN(C)S(=O)(=O)c1ccc(F)cc1,0.34,20,786.2
N1(C(=[N+](C=C1)CCCCCCCCCCCCCCCC)C)CC2=CC=CC=C2,CCCCCCCCCCCCCCCCCCCCCCCC(O)C(O)C(O)C(C)(C)C,0.34,20,786.2
N1(C(=[N+](C=C1)CCCCCCCCCCCCCCCC)C)CC2=CC=CC=C2,CCCCCCCCCCCCCCCCCCCCCCC(=O)Nc1ccc(C(=O)NCCCN(C)C)cc1,0.34,20,786.2
FC(F)(F)C1=CC(NC(=O)NC2=CC=C(OC=3C=C(N=CC3)C(=O)NC)C=C2)=CC=C1,COc1ccc(CNC(=O)CC2OC(CO)CC3c4cc(NC(=O)Nc5ccc(C(F)(F)F)cc5)ccc4OC23)cc1,0.34,20,786.2
S1C2=NC=NC(N)=C2C(C(=O)NC=3C=CC(NC(=O)NC4=C(C=CC=C4)C)=CC3)=C1,Cc1ccccc1NC(=O)c1ccc(NC(=O)C(C)(C)C(C)C(C)(C)C)cc1,0.33,20,786.2
S1C2=C(C(C3=CC=C(NC(=O)NC=4C(C(F)(F)F)=CC=CC4)C=C3)=C1)C(=NC=C2)N,COc1cc(C(=O)Nc2ccc(C(=O)Nc3ccccc3C(F)(F)F)cc2)ccc1C=Cc1ccc(O)c(O)c1,0.33,20,786.2
OC=1C(=C2C(C(=NNC(=O)CC=3C=4C(C=CC3)=CC=CC4)CCC2)=CC1)C,COc1ccccc1CNC(=O)CNCc1cccc2ccccc12,0.33,20,786.2
O=C(NCC1=CN=CC=C1)NCCCCCCNC(=O)NCC2=CN=CC=C2,O=C(Cc1cccnc1)NCCC1CCC(NC(=O)Cc2cccnc2)C(CO)O1,0.33,20,786.2
O=C(NC(C1=CC=CC=C1)C)C2=CC=C(C=3C=CN=CC3)C=C2,CC(NC(=O)C1C(CO)C2Cn3c(ccc(-c4ccc(F)cc4)c3=O)C2N1C)c1ccccc1,0.33,20,786.2
ClC=1C=C2SC(=NC2=CC1)NC(=O)C3=C(OC)C=C(OC)C=C3,CN(CCNc1nc2ccc(Cl)cc2s1)S(=O)(=O)c1ccc2c(c1)OCCO2,0.33,20,786.2
ClC=1C=C2SC(=NC2=CC1)NC(=O)C3=C(OC)C=C(OC)C=C3,CN(CCNc1nc2ccc(Cl)cc2s1)S(=O)(=O)c1ccc2c(c1)OCCO2,0.33,20,786.2
ClC1=CC=C(C(=O)NC=2C=C3NN=CC3=CC2)C=C1,CCCNC(=O)N1CC(C)C(OC)CN(C)C(=O)c2cc(NC(=O)c3ccc(F)cc3)ccc2OCC1C,0.33,20,786.2
S1C=2C(C(C3=CC=C(NC(=O)NC4=CC=C(OC)C=C4)C=C3)=C1)=C(N=CC2C5=CN(N=C5)CCO)N,COc1ccc(NC(=O)N(C)CC2OCc3ccccc3-c3ccccc3C(=O)N(C(C)CO)CC2C)cc1,0.32,20,786.2
N1(C(=[N+](C=C1)CCCCCCCCCCCCCCCC)C)CC2=CC=CC=C2,CCCCCCCCCCCCCCCCCCCCCCCCCCC(=O)OCCC(=O)O,0.32,20,786.2
FC=1C=CC(C2=NN(C=C2C3=NC=NC=C3)C)=CC1,CN(C)c1ncnc2ccc(-c3ccc(F)cc3)cc12,0.32,20,786.2
FC(F)(F)C1=CC(NC(=O)NC2=CC=C(OC=3C=C(N=CC3)C(=O)NC)C=C2)=CC=C1,COc1ccccc1CNC(=O)CC1CC2c3cc(NC(=O)Nc4ccc(C(F)(F)F)cc4)ccc3OC2C(CO)O1,0.32,20,786.2
FC(F)(F)C1=CC(NC(=O)NC2=CC=C(OC=3C=C(N=CC3)C(=O)NC)C=C2)=CC=C1,COc1ccc(NC(=O)Nc2ccc3c(c2)C(=O)N(C(C)CO)CC(C)C(CN(C)Cc2ccc(C(F)(F)F)cc2)O3)cc1,0.32,20,786.2
FC(F)(F)C1=CC(NC(=O)NC2=CC=C(OC=3C=C(N=CC3)C(=O)NC)C=C2)=CC=C1,CN(C)C(=O)CC1CC2c3cc(NC(=O)Nc4ccc(C(F)(F)F)cc4)ccc3OC2C(CO)O1,0.32,20,786.2
ClC1=CC=C(C(=O)NC=2C=C3NN=CC3=CC2)C=C1,CC(C)(C)c1ccc(C(=O)Nc2ccc(C(=O)O)cc2)cc1,0.32,20,786.2
C1=CC2=C(N=C(N2CCN3CCOCC3)NC(=O)C=4C=CC=C(C4)N(=O)=O)C=C1,CC(C)(C)c1ccc(C(=O)c2ccccc2C(=O)NCCCN2CCOCC2)cc1,0.32,20,786.2
C1=C2C(N=C(C3=CC=C(C=C3)CN4CCC(CC4)C=5C=C(NN5)C6=CN=CC=C6)C(C7=CC=CC=C7)=C2)=NC=C1,CC(NC(=O)c1cc2c(c(-c3cccc(-c4cccnc4)c3)n1)CN(C(=O)c1ccccn1)CC2)C(=O)O,0.32,20,786.2
C1(=CN=C2C(=C1)N=C(N2C3=CC=C(C=C3)CNC(C4=CC=CC(=C4)F)=O)C5=CC=CN=C5N)C6=CN=CC=C6,CC(C)(C)S(=O)N1Cc2cc(C(=O)NCc3ccc(F)cc3)nc(-c3ccc(-c4cccnc4)cc3)c2C1CCO,0.32,20,786.2
S1C=2C(C(C3=CC=C(NC(=O)NC4=CC=C(OC)C=C4)C=C3)=C1)=C(N=CC2C5=CN(N=C5)CCO)N,COc1ccc(NC(=O)NC2CCC(CCn3cc(-c4ccc(F)cc4)nn3)OC2CO)cc1,0.31,20,786.2
FC=1C=C(C(=O)NC2=CC=3C(=NNC3)C=C2)C=CC1,CCCNC(=O)N1CC(C)C(OC)CN(C)C(=O)c2cc(NC(=O)c3cccc(F)c3)ccc2OCC1C,0.31,20,786.2
C=1C=C(C=CC1C[C@@H](N)C(N2CCN(CC2)C=3C4=C(N=CN3)C=CC=C4)=O)C,Cc1ccc(CN(C)CC2OCc3cnnn3CCCC(=O)N(C(C)CO)CC2C)cc1,0.31,20,786.2
C1CCC(CC1)C(=O)N(C2=CC=C3N(C(=NC3=C2)NC(C=4C=CC(=CC4)C#N)=O)CCCC)C,CCNC(=O)CC1C=CC(NC(=O)C2CCCCC2)C(CO)O1,0.31,20,786.2
C1CCC(C(=O)N(C2=CC=C3C(N=C(N3C)NC(C=4C=CC(=CC4)C#N)=O)=C2)C)CC1,CC(C)(C)S(=O)N(CC(O)c1ccc(C#N)cc1S(=O)(=O)N1CCCCC1)c1ccccn1,0.31,20,786.2
C1=CC2=C(N=C(N2CCN3CCOCC3)NC(=O)C=4C=CC=C(C4)N(=O)=O)C=C1,CC(C)(C)C#Cc1ccc(C(=O)Nc2ccccc2C(=O)NCCCN2CCOCC2)cc1,0.31,20,786.2
C(=O)(NC=1C=2C(C(=CC1)OCCN3CCOCC3)=CC=CC2)NC4=CC(=NN4C5=CC=C(C=C5)C)C(C)(C)C,CC(C)(C)c1ccc(C(=O)Nc2ccc(C(=O)NCCCN3CCOCC3)cc2)cc1,0.31,20,786.2
S1C2=NNC(=C2C=C1C(=O)NCC3=CC(OC)=CC=C3)C4=CC=CC=C4,COc1cccc(CNC(=O)CC2CC3c4cc(NS(=O)(=O)c5ccccc5F)ccc4OC3C(CO)O2)c1,0.3,20,786.2
O=C(O)C=1N(C=2C(C1C=3C(=CC=CC3)C)=CC=CC2)CCCOC=4C=5C(C=CC4)=CC=CC5,CC1CN(C(C)CO)C(=O)c2c(c3ccccc3n2C)-c2ccccc2COC1CN(C)S(=O)(=O)c1ccccc1F,0.3,20,786.2
O=C(NCC1=CC=CC=C1)C2=CC=C(C=3C=CN=CC3)C=C2,CC(C)(C)c1ccc(C(=O)C2C(CO)CN(CC3CCCCC3)C2C(=O)NCc2ccc(-c3ccccc3)cc2)cc1,0.3,20,786.2
O=C(NC(C1=CC=CC=C1)C)C2=CC=C(C=3C=CN=CC3)C=C2,CC(NC(=O)CC1CCC(NC(=O)c2cccnc2)C(CO)O1)c1ccccc1,0.3,20,786.2
O=C(NC(C1=CC=CC=C1)C)C2=CC=C(C=3C=CN=CC3)C=C2,CC(NC(=O)CC1CCC(NC(=O)c2cccnc2)C(CO)O1)c1ccccc1,0.3,20,786.2
O=C(NC(C1=CC=CC=C1)C)C2=CC=C(C=3C=CN=CC3)C=C2,CC(NC(=O)CC1CCC(NC(=O)c2cccnc2)C(CO)O1)c1ccccc1,0.3,20,786.2
O(C=1C=C(C2=NC(NC=3C=C4C(NN=C4)=CC3)=C5C(=N2)C=CC=C5)C=CC1)CC(=O)NC(C)C,CC(C)Cc1ccc(C(=O)Nc2nc(-c3ccc(C(=O)NCCCNCCCN)cc3)nc3ccccc23)cc1,0.3,20,786.2
N1(C(=[N+](C=C1)CCCCCCCCCCCCCCCC)C)CC2=CC=CC=C2,CCCCCCCCCCCCCCCCCCCCCCCCCCCCCCCCCCCCCCCCCCCCCCCCCCCCCCCCCCCCCCCCCCCCCCCCCCCCCCCCCCCCCCCCCCCCCCCCCCCC=O,0.3,20,786.2
FC(F)(F)C=1C=C(CNC2C(=NC=3C=CN=CC3)C(=O)C2=O)C=CC1,CC1CCCCOC(CN(C)Cc2cccc(C(F)(F)F)c2)C(C)CN(C(C)CO)C(=O)c2cc(NS(=O)(=O)c3ccc(C#N)cc3)ccc2O1,0.3,20,786.2
O=C(O)C=1N(C=2C(C1C=3C(=CC=CC3)C)=CC=CC2)CCCOC=4C=5C(C=CC4)=CC=CC5,CC1CN(C(C)CO)C(=O)c2c(c3ccccc3n2C)-c2ccccc2COC1CN(C)C(=O)Cc1ccccc1,0.29,20,786.2
O=C(NC=1C=C(OC)C=CC1)C2=C3N(N=C2)C(C4=CC=CC=C4)=CC=N3,COc1cccc(NC(=O)N(C)CC2OCCCCC(C)Oc3ccc(NC(=O)NC(C)C)cc3C(=O)N(C(C)CO)CC2C)c1,0.29,20,786.2
N1=CN=C(C2=CC(=C(C=C12)OC)OC)NC=3C=CC(=CC3)OCC=4C=CC=CC4,COc1ccc2nc(C#N)nc(Nc3ccc(Cl)cc3)c2c1,0.29,20,786.2
FC(F)(F)C=1C(=NC(NC2=CC=3C4N(C(C3C=C2)CC4)C(=O)CNC(=O)C)=NC1)NC5CCC5,CC(C)NC(=O)N(C)CC1OCCCCC(C)Oc2ccc(NC(=O)CCC(F)(F)F)cc2C(=O)N(C(C)CO)CC1C,0.29,20,786.2
FC(F)(F)C1=CC=C([C@H](C(=O)N2CCN(C=3N=CN=C4C3[C@@H](C[C@H]4O)C)CC2)CN)C=C1,CC1CN(C(C)CO)C(=O)CCCn2cc(nn2)COC1CN(C)Cc1ccc(C(F)(F)F)cc1,0.29,20,786.2
C1(Br)=C(C=2C=3C=CNC3N=CC2)SC(=C1)C(N[C@H](CN)CC4=CC=C(C=C4)F)=O,CC(C)(C)C(=O)NC(Cc1ccc(F)cc1)C(=O)O,0.29,20,786.2
S1C=2C(C(C3=CC=C(NC(=O)NC4=CC=C(OC)C=C4)C=C3)=C1)=C(N=CC2C5=CN(N=C5)CCO)N,COc1ccc(NC(=O)N(C)CC2Oc3ccc(NC(=O)Cc4ccccc4)cc3C(=O)N(C(C)CO)CC2C)cc1,0.28,20,786.2
S1C2=C(C(C3=CC=C(NC(=O)NC=4C=C(C=CC4)C)C=C3)=C1)C(=NC=C2C=CC(=O)NCCN(CC)CC)N,CCN(CC)CC(=O)Nc1ccc2c(c1)C(=O)N(C(C)CO)CC(C)C(CN(C)Cc1ccc(C(=O)O)cc1)O2,0.28,20,786.2
C=1(C=C2/C(/C(NC2=CC1)=O)=C(\C)/C=3NC=C(C3)CNC(C4=CN=CC=C4)=O)NC(N)=O,COc1ccc(CNC(=O)CC2CC3c4cc(NC(=O)c5cccnc5)ccc4OC3C(CO)O2)cc1,0.28,20,786.2
C1(=C(N(C=2C=CC(=CC2)Cl)N=C1C3=CC=NC=C3)O)C=4C=CC(=CC4)F,COc1ccc(-c2cc3nc(C)cc(N4CCN(c5ccc(Cl)cc5)CC4)n3n2)cc1,0.28,20,786.2
O=C(O)C=1N(C=2C(C1C=3C(=CC=CC3)C)=CC=CC2)CCCOC=4C=5C(C=CC4)=CC=CC5,CCOc1ccc(OC(=O)N(C)CC2OCc3ccccc3-c3c(n(C)c4ccccc34)C(=O)N(C(C)CO)CC2C)cc1,0.27,20,786.2
FC(F)(F)C1=CC(NC(=O)NC2=CC=C(C3=C4C(NN=C4C)=CC=C3)C=C2)=CC=C1,CC1CCCCOC(CN(C)Cc2ccc(C(F)(F)F)cc2)C(C)CN(C(C)CO)C(=O)c2cc(NC(=O)Nc3ccc(C(F)(F)F)cc3)ccc2O1,0.27,20,786.2
C1=CC(Cl)=CC=C1[C@H](C(N2CCN(CC2)C=3N=CN=C4[C@H](O)C[C@@H](C)C34)=O)CNC(CO)(C)C,CC12CCC3C(CC(CCO)N3S(=O)C(C)(C)C)C1CCC(O)C2,0.5,25,975.1
N1(C(=[N+](C=C1)CCCCCCCCCCCCCCCC)C)CC2=CC=CC=C2,CCCCCCCCCCCCCCCCC(=O)Nc1ccccc1N,0.49,25,975.1
S(=O)(=O)(NC=1C=C2N=C(C(=NC2=CC1)C)C)C3=CC=C(N)C=C3,COC1CN(C)C(=O)c2cc(NS(=O)(=O)c3ccc(F)cc3)ccc2OCC(C)NCC1C,0.45,25,975.1
N1(C(=[N+](C=C1)CCCCCCCCCCCCCCCC)C)CC2=CC=CC=C2,CCCCCCCCCCCCCCCCCC(=O)Nc1ccc(O)cc1,0.44,25,975.1
N1(C(=[N+](C=C1)CCCCCCCCCCCCCCCC)C)CC2=CC=CC=C2,CCCCCCCCCCCCCCCCCC(=O)Nc1ccc(O)cc1,0.44,25,975.1
N1(C(=[N+](C=C1)CCCCCCCCCCCCCCCC)C)CC2=CC=CC=C2,CCCCCCCCCCCCCCCCCC(=O)Nc1ccc(O)cc1,0.44,25,975.1
S=C(NNC(=O)C(O)(C1=CC=CC=C1)C2=CC=CC=C2)NC=3C=CC(F)=CC3,CC(NC(=O)CC1CCC(NC(=O)Nc2ccc(F)cc2)C(CO)O1)c1ccccc1,0.43,25,975.1
N1(C(=[N+](C=C1)CCCCCCCCCCCCCCCC)C)CC2=CC=CC=C2,CCCCCCCCCCCCCCCCCCC(=O)O,0.43,25,975.1
C1(=CC=C2NC(/C(/C2=C1)=C\C=3NC=C(C3)C(N4CCC(C4)N(C)C)=O)=O)NC(N)=O,CC1CCCCOC(CN(C)C(=O)CCC(F)(F)F)C(C)CN(C(C)CO)C(=O)c2cc(NC(=O)CCC(F)(F)F)ccc2O1,0.43,25,975.1
C(C1(CCN(C2=NC=NC3=C2NC(=N3)O)CC1)N)C=4C=CC(=CC4)C(C)(C)C,CC(C)C(C)C(C)(C)C#Cc1ccc(C(C)(C)C)cc1,0.43,25,975.1
N1(C(=[N+](C=C1)CCCCCCCCCCCCCCCC)C)CC2=CC=CC=C2,CCCCCCCCCCCCCCC(=O)Nc1ccc(C(=O)c2ccccc2)cc1,0.41,25,975.1
S(=O)(=O)(NC=1C=C2N=C(C(=NC2=CC1)C)C)C3=CC=C(N)C=C3,CCNC(=O)CC1CC2c3cc(NS(=O)(=O)c4ccc(F)cc4)ccc3OC2C(CO)O1,0.4,25,975.1
O=C1N(C=2C(N(C1CC)C3CCCC3)=NC(=NC2)NC4=C(OC)C=C(C=C4)C(=O)NC5CCCCC5)C,CC(C)NC(=O)NC1CCC(CCn2cc(C3CCCCC3)nn2)OC1CO,0.4,25,975.1
O=C(NC=1N(C=2C(N1)=CC(N(C(=O)C3CCCCC3)C)=CC2)CCCC)C4=CC(=CC=C4)C#N,CC(C)(C)SC1CCC(NC(=O)c2cccc(S(=O)(=O)c3cccc(C#N)c3)c2)C(O)C1O,0.4,25,975.1
N1(C(=[N+](C=C1)CCCCCCCCCCCCCCCC)C)CC2=CC=CC=C2,CCCCCCCCCCCCCCCCCCCCC(=O)Nc1cccc(C(=O)O)c1,0.4,25,975.1
C=1(C=C2/C(/C(NC2=CC1)=O)=C(\C)/C=3NC=C(C3)CNC(C4=CN=CC=C4)=O)NC(N)=O,COC1CN(C)C(=O)c2cc(NC(=O)c3cccnc3)ccc2OCC(C)N(CCC(F)(F)F)CC1C,0.4,25,975.1
C1(=CC=C2N=CN=C(C2=C1)NCCC3=CC=C(C=C3)OC4=CC=CC=C4)N,COc1ccc(CNc2ncnc3ccc(-c4ccc(Cl)cc4)cc23)cc1,0.4,25,975.1
S1C2=C(C(C3=CC=C(NC(=O)NC=4C(F)=CC=CC4)C=C3)=C1)C(=NC=C2C5=COC=C5)N,COC1CN(C)C(=O)CC(C)OCC(C)N(CCC(F)(F)F)c2ccc(NC(=O)Nc3ccccc3F)cc21,0.39,25,975.1
O=C1N(C=2C(N(C1CC)C3CCCC3)=NC(=NC2)NC4=C(OC)C=C(C=C4)C(=O)NC5CCCCC5)C,CC(C)NC(=O)Nc1ccc2c(c1)C(=O)N(C(C)CO)CC(C)C(CN(C)CC1CCCCC1)OCCCCC(C)O2,0.39,25,975.1
N1(C(=[N+](C=C1)CCCCCCCCCCCCCCCC)C)CC2=CC=CC=C2,CCCCCCCCCCCCCCCCCCCCC(=O)NC(C)C,0.39,25,975.1
FC(F)(F)C1=CC=C([C@H](C(=O)N2CCN(C=3N=CN=C4C3[C@@H](C[C@H]4O)C)CC2)CN)C=C1,CC1CN(C(C)CO)C(=O)CCCn2cc(nn2)COC1CN(C)Cc1ccc(C(F)(F)F)cc1,0.39,25,975.1
N1(C(=[N+](C=C1)CCCCCCCCCCCCCCCC)C)CC2=CC=CC=C2,CCCCCCCCCCCCCCCCCCCCCCCC(=O)O,0.38,25,975.1
FC(F)(F)C=1C=C(CNC2C(=NC=3C=CN=CC3)C(=O)C2=O)C=CC1,CC1CCCCOC(CN(C)Cc2cccc(C(F)(F)F)c2)C(C)CN(C(C)CO)C(=O)c2cc(NC(=O)CCCN(C)C)ccc2O1,0.38,25,975.1
ClC1=CC=C(C=C1)NC(=O)C2=C(NCC3=CC=NC=C3)C=CC=C2,CCN(CC)c1ccc(C(=O)Nc2ccccc2C(=O)Nc2ccc(C(=O)O)cc2)cc1,0.38,25,975.1
C1(CCN(CC1)C2=NC=NC3=C2C=CN3)(C(NCC4=CC=C(C=C4)F)=O)N,Cc1ccc(C)c(S(=O)(=O)N2CC(CCO)C(C(=O)NCc3ccc(F)cc3)C2)c1,0.38,25,975.1
O=C(NCC1=CC=CC=C1)C2=CC=C(C=3C=CN=CC3)C=C2,CCNC(=O)CC1C=CC(NC(=O)c2ccc(-c3ccccc3)cc2)C(CO)O1,0.37,25,975.1
O=C(NC(C1=CC=CC=C1)C)C2=CC=C(C=3C=CN=CC3)C=C2,CC(NC(=O)CC1CC2c3cc(NC(=O)c4ccncc4)ccc3OC2C(CO)O1)c1ccccc1,0.37,25,975.1
O=C(NC(C1=CC=CC=C1)C)C2=CC=C(C=3C=CN=CC3)C=C2,CC(NC(=O)CC1CC2c3cc(NC(=O)c4ccncc4)ccc3OC2C(CO)O1)c1ccccc1,0.37,25,975.1
O=C(NC(C1=CC=CC=C1)C)C2=CC=C(C=3C=CN=CC3)C=C2,CC(NC(=O)CC1CC2c3cc(NC(=O)c4ccncc4)ccc3OC2C(CO)O1)c1ccccc1,0.37,25,975.1
O=C(N1CC2=C(NN=C2NC(=O)C=3C=CC(N4CCN(CC4)C)=CC3)C1)C(OC)C5=CC=CC=C5,CN1CCN(C(=O)CC2CC3c4cc(NC(=O)c5ccc6c(c5)OCO6)ccc4OC3C(CO)O2)CC1,0.37,25,975.1
N1(C(=[N+](C=C1)CCCCCCCCCCCCCCCC)C)CC2=CC=CC=C2,CCCCCCCCCCCCCCCCCCCCCCCCCCC(=O)NCCCCCCCCCCCCCCCCCC(=O)NCCCCCCCCCCCCCC(=O)NCCCCCCCCCCCCC(=O)NCCCCCCCCCCCCC,0.37,25,975.1
N1(C(=[N+](C=C1)CCCCCCCCCCCCCCCC)C)CC2=CC=CC=C2,CCCCCCCCCCCCCCCCCCCC(=O)NC(CO)COC(=O)c1cccc(O)c1,0.37,25,975.1
ClC1=CC=C(CNC(=O)NC=2C3=C(NN=C3)C=CC2)C=C1,COc1ccc(CNC(=O)CC2CCC(NC(=O)Nc3ccccc3F)C(CO)O2)cc1,0.37,25,975.1
C=1C=C(C=CC1C[C@@H](N)C(N2CCN(CC2)C=3C4=C(N=CN3)C=CC=C4)=O)OC,COc1ccc(CNC(=O)N2CCN(c3ccc(Cl)cc3)CC2)cc1,0.37,25,975.1
O=C1C(N(C=2C=CN=CC2)C(=O)C)C(=NC(C(C)(C)C)C)C1=O,CC(C)(C)CCC(=O)NC(C(=O)NC(C)(C)C)C(C)(C)C,0.36,25,975.1
O=C(NC(CC1=CC=CC=C1)CO)C2=CC=C(C=3C=CN=CC3)C=C2,CC1CN(C(C)CO)S(=O)(=O)c2ccc(-c3ccccc3C#N)cc2OC1CN(C)Cc1ccc(C(=O)O)cc1,0.36,25,975.1
O=C(NC(C1=CC(OC)=CC=C1)C)C2=CC=C(C=3C=CN=CC3)C=C2,CCCN1CC(C)C(OC)CN(C)C(=O)c2ccc(NC(=O)c3ccc(-c4ccncc4)cc3)cc2OCC1C,0.36,25,975.1
N1(C(=[N+](C=C1)CCCCCCCCCCCCCCCC)C)CC2=CC=CC=C2,Cc1ccc(CCCCCCCCCCCCCCCC(=O)Nc2ccc(C(=O)O)cc2)cc1,0.36,25,975.1
N1(C(=[N+](C=C1)CCCCCCCCCCCCCCCC)C)CC2=CC=CC=C2,CC(=O)c1ccc(C(=O)NCCCCCCCCCCCCC(=O)Nc2ccc(C(=O)NCCCN(C)C)cc2)cc1,0.36,25,975.1
O=C1N(C=2C(N(C1CC)C3CCCC3)=NC(=NC2)NC4=C(OC)C=C(C=C4)C(=O)NC5CCCCC5)C,CCNC(=O)CC1CC2c3cc(NC(=O)NC4CCCCC4)ccc3OC2C(CO)O1,0.35,25,975.1
O=C(NCC1=CC=CC=C1)C2=CC=C(C=3C=CN=CC3)C=C2,CC(C)(C)S(=O)N1Cc2cc(C(=O)NCc3ccccc3F)nc(-c3ccc(-c4ccncc4)cc3)c2C1CCO,0.35,25,975.1
O=C(NCC1=CC=CC=C1)C2=CC=C(C=3C=CN=CC3)C=C2,CC(C)(C)S(=O)N1Cc2cc(C(=O)NCc3ccccc3F)nc(-c3ccc(-c4ccncc4)cc3)c2C1CCO,0.35,25,975.1
O=C(N(C(C)C)C)C=1N(N=NC1C=2C=C3C(NN=C3)=CC2)CC4=CC=CC=C4,CC(C)NC(=O)N(C)CC1Oc2ccc(NC(=O)Cc3ccccc3)cc2C(=O)N(C(C)CO)CC1C,0.35,25,975.1
N1(C(=[N+](C=C1)CCCCCCCCCCCCCCCC)C)CC2=CC=CC=C2,CCCCCCCCCCCCCCCCCCCCCCCCCC(=O)Nc1ccc(C(=O)O)cc1,0.35,25,975.1
N1(C(=[N+](C=C1)CCCCCCCCCCCCCCCC)C)CC2=CC=CC=C2,CCCCCCCCCCCCCCCCCCCCCCCCCC(=O)NCCCCCCCCCCC(=O)NCCCCCCCC(=O)NCC(O)C(C)(C)C,0.35,25,975.1
FC=1C(CNC2C(=NC=3C=CN=CC3)C(=O)C2=O)=CC=CC1,CC(C)(C)S(=O)c1ccc2c(c1)C1CC(CC(=O)NCc3ccccc3F)OC(CO)C1O2,0.35,25,975.1
FC(F)(F)C=1C=C(CNC2C(=NC=3C=CN=CC3)C(=O)C2=O)C=CC1,CCCNC(=O)C1C(CO)C2Cn3c(ccc(C4=CCCCC4)c3=O)C2N1Cc1cccc(C(F)(F)F)c1,0.35,25,975.1
C=1C=C(C=CC1C[C@@H](N)C(N2CCN(CC2)C=3C4=C(N=CN3)C=CC=C4)=O)C(F)(F)F,CC1CN(C(C)CO)S(=O)(=O)c2ccc(C#CCN(C)C)cc2OC1CN(C)Cc1ccc(C(F)(F)F)cc1,0.35,25,975.1
C1(Br)=C(C=2C=3C=CNC3N=CC2)SC(C(=O)N[C@H](CN)CC4=CC=C(C=C4)C(F)(F)F)=C1,CC(C)NC(=O)Nc1ccc2c(c1)CC(=O)N(C(C)CO)CC(C)C(CN(C)Cc1ccc(C(F)(F)F)cc1)O2,0.35,25,975.1
C(C=1C=CC(=CC1)NC2=NC(=NC=C2F)NC=3C=CC(=CC3)O)(=O)NC=4C(=CC=CC4)Cl,CCCCCC(=O)Nc1ccccc1C(=O)c1ccc(O)cc1,0.35,25,975.1
S1C2=NNC(=C2C=C1C(=O)NCC3CCCCC3)C4=CC=CC=C4,CCNC(=O)CC1CCC2C(COCC(O)CN2C(=O)Nc2ccccc2)O1,0.34,25,975.1
O=C(NC(C1=CC=CC=C1)C)C2=CC=C(C=3C=CN=CC3)C=C2,CC(NC(=O)CC1CCC(NC(=O)c2ccc3c(c2)OCO3)C(CO)O1)c1ccccc1,0.34,25,975.1
N1(C(=[N+](C=C1)CCCCCCCCCCCCCCCC)C)CC2=CC=CC=C2,CCCCCCCCCCCCCCCCCCCC(=O)NC(CCCNC(C)C)C(=O)O,0.34,25,975.1
FC(F)(F)C1=CC(NC(=O)NC2=CC=C(OC=3C=C(N=CC3)C(=O)NC)C=C2)=CC=C1,COc1ccc(CNC(=O)CC2OC(CO)CC3c4cc(NC(=O)Nc5ccc(C(F)(F)F)cc5)ccc4OC23)cc1,0.34,25,975.1
ClC1=CC=C(CC(NC(=O)C2=CC=C(C=3C=CN=CC3)C=C2)CO)C=C1,CC1CN(C(C)CO)S(=O)(=O)c2ccc(-c3ccc(C#N)cc3)cc2OC1CN(C)Cc1ccc(C(=O)O)cc1,0.34,25,975.1
ClC1=CC=C(C(=O)NC=2C=C3NN=CC3=CC2)C=C1,Nc1ccc(C(=O)Nc2ccc(C(=O)O)cc2)cc1,0.34,25,975.1
C=1(C=C2/C(/C(NC2=CC1)=O)=C(\C)/C=3NC=C(C3)CNC(C4CCN(CC4)C)=O)NC(=O)N,CCCNC(=O)N1CC(C)C(OC)CN(C)C(=O)c2cc(NC(=O)C3CCCC3)ccc2OCC1C,0.34,25,975.1
C1CCC(C(=O)N(C2=CC=C3C(N=C(N3C)NC(C=4C=CC(=CC4)C#N)=O)=C2)C)CC1,CC1CN(C(C)CO)C(=O)c2cc(C#CC3CCCCC3)cnc2OC1CN(C)C(=O)c1ccc(F)cc1,0.34,25,975.1
O=C(O)C=1N(C=2C(C1C=3C(=CC=CC3)C)=CC=CC2)CCCOC=4C=5C(C=CC4)=CC=CC5,CC1CN(C(C)CO)C(=O)c2c(c3ccccc3n2C)-c2ccccc2COC1CN(C)C(=O)Cc1ccccc1,0.33,25,975.1
O=C(NC=1C=C2C(C3=CC=CC=C3)=CNC2=NC1)C=4C=CC(OC)=CC4,CCCNC(=O)N1CC(C)C(OC)CN(C)C(=O)c2cc(NC(=O)c3ccc(OC)cc3)ccc2OCC1C,0.33,25,975.1
O=C(N1N=C(NC(=O)CCC)C=2C1=NC=3C(C2)=CC=CC3)CC,CCCNC(=O)CC1CCC2C(COCC(O)CN2C(=O)Nc2ccccc2F)O1,0.33,25,975.1
N1(C(=[N+](C=C1)CCCCCCCCCCCCCCCC)C)CC2=CC=CC=C2,CCCCCCCCCCCCCCCCCCCCCCCCC(O)C(O)C(O)CO,0.33,25,975.1
N1(C(=[N+](C=C1)CCCCCCCCCCCCCCCC)C)CC2=CC=CC=C2,CC=CC(O)CCCCCCCCCCCCCCCCCCCCCCCCCCCCCCCCCCCCCCCCCCCCCCCCCCCCCCCCCCCCCCCCCCCCCCCCCCCCCCCNC(=O)C=Cc1ccc(C(C)(C)C)cc1,0.33,25,975.1
FC(F)(F)C1=CC(NC(=O)NC2=CC=C(OC=3C=C(N=CC3)C(=O)NC)C=C2)=CC=C1,CC(NC(=O)CC1CC2c3cc(NC(=O)Nc4ccc(C(F)(F)F)cc4)ccc3OC2C(CO)O1)c1ccccc1,0.33,25,975.1
C=1(C=C2/C(/C(NC2=CC1)=O)=C/C=3NC=C(C3)C(NCCN4CCOCC4)=O)NC(N)=O,CC(C)C(N)C(=O)Nc1ccc(C(=O)NCCCN2CCOCC2)cc1,0.33,25,975.1
C=1(C=C2/C(/C(NC2=CC1)=O)=C(\C)/C=3NC=C(C3)CNC(C4CCN(CC4)C)=O)NC(=O)N,CCC(=O)N1CC(C)C(OC)CN(C)C(=O)c2cc(NC(=O)COC)ccc2OCC1C,0.33,25,975.1
S(=O)(=O)(O)C=1C=2C(C(NCC=3C=C4OCOC4=CC3)=CC1)=C(O)C=CC2,CN(C)C(=O)CC1CC2c3cc(NC(=O)c4ccc5c(c4)OCO5)ccc3OC2C(CO)O1,0.32,25,975.1
O=C1C(=NC=2C=CN=CC2)C(NC(C3CCCCC3)C)C1=O,CC(C)NC(=O)N(C)CC1OCCCCC(C)Oc2ccc(N(C)C)cc2C(=O)N(C(C)CO)CC1C,0.32,25,975.1
O=C(O)C=1N(C=2C(C1C=3C(=CC=CC3)C)=CC=CC2)CCCOC=4C=5C(C=CC4)=CC=CC5,CC1CN(C(C)CO)C(=O)c2c(c3ccccc3n2C)-c2ccccc2COC1CN(C)Cc1ccc(Cl)c(Cl)c1,0.32,25,975.1
O=C(NC(C1=CC=CC=C1)CO)C2=CC=C(C=3C=CN=CC3)C=C2,CC1CN(C(C)CO)S(=O)(=O)c2ccc(-c3ccc(C(=O)N(C)C)cc3)cc2OC1CN(C)C(=O)Nc1ccccc1,0.32,25,975.1
O1[C@@H](CCN2C=3C(C(C4=C(C=5C=6C(N(CC1)C5)=CC=CC6)C(=O)NC4=O)=C2)=CC=CC3)CN(C)C,CC1CN(C(C)CO)C(=O)c2c(c3ccccc3n2C)-c2ccccc2COC1CN(C)C(=O)CCC(F)(F)F,0.32,25,975.1
NCC(C=1C=CC(=CC1)C2=CNN=C2)C3=CC=CC=C3,CCNCCC(c1ccccc1)c1ccc(CN2CCCC2)cc1,0.32,25,975.1
ClC1=C2C(NC(=O)C=3C=CC(=CC3)C)=C(SC2=CC=C1Cl)C(=O)N,Cc1ccc(C(=O)Nc2ccc(S(=O)(=O)NC(C)(C)C)cc2)cc1,0.32,25,975.1
C=1C=CC=CC1C=2N=C(C3=C(N2)C=CC=C3)NC4=CC(C)=NN4,CN(Cc1ccc(C(=O)O)cc1)c1cc(-c2ccccn2)nc(-c2ccccc2)n1,0.32,25,975.1
C1=CC2=C(N=C(N2CCN3CCOCC3)NC(=O)C=4C=CC=C(C4)N(=O)=O)C=C1,CC1CCCCOC(CN(C)Cc2ccc(C(F)(F)F)cc2)C(C)CN(C(C)CO)C(=O)c2cc(NC(=O)CCN3CCOCC3)ccc2O1,0.32,25,975.1
S1C2=C(C(C3=CC(F)=CC=C3)=CN=C2)C=C1C(OC)=O,CCCNC(=O)C1C(CO)C2c3ccc(-c4cccc(F)c4)c(=O)n3CC1N2C(C)=O,0.31,25,975.1
O=C1N(C=2C(N(C1CC)C3CCCC3)=NC(=NC2)NC4=C(OC)C=C(C=C4)C(=O)NC5CCCCC5)C,CC(C)NC(=O)Nc1ccc2c(c1)C(=O)N(C(C)CO)CC(C)C(CN(C)CC1CCCCC1)OCCCCC(C)O2,0.31,25,975.1
O=C1C(=NC=2C=CN=CC2)C(NCC3=CC=C(C=C3)C)C1=O,Cc1ccc(CNC(=O)CC2CCC(NC(=O)c3ccc(F)cc3)C(CO)O2)cc1,0.31,25,975.1
O=C(NC=1C=C2C(C3=CC=CC=C3)=CNC2=NC1)C=4C=CC(OC)=CC4,COc1ccc(C(=O)Nc2ccc3c(c2)OCC(C)N(C(=O)c2ccccc2F)CC(C)C(OC)CN(C)C3=O)cc1,0.31,25,975.1
FC(F)(F)C1=CC(NC(=O)NC2=CC=C(OC=3C=C(N=CC3)C(=O)NC)C=C2)=CC=C1,CN(C)C(=O)CC1CC2c3cc(NC(=O)Nc4ccc(C(F)(F)F)cc4)ccc3OC2C(CO)O1,0.31,25,975.1
ClC=1C(CC(=O)NC2=CC=3NN=CC3C=C2)=CC=CC1,COc1cccc(NC(=O)NC2CCC(CC(=O)NCc3ccccc3Cl)OC2CO)c1,0.31,25,975.1
C=1(C(N(C)C(=C(C1)C=2C=CC(OC(F)(F)F)=CC2)COC(C=3N(C=NC3)C)C=4C=CC(C#N)=CC4)=O)C#N,CC1CN(C(C)CO)C(=O)c2cc(C#CC(C(=O)O)c3ccc(C#CC(C)(C)C)cc3)cnc2OC1CN(C)Cc1ccc(C(=O)O)cc1,0.31,25,975.1
C=1(C(=CC=CC1F)F)C(N2N=C(NC=3C=CC(=CC3)S(=O)(N)=O)N=C2N)=O,N#Cc1nc(NCc2cccc(F)c2F)nc(Nc2ccc(C(N)=O)cc2)n1,0.31,25,975.1
C1=CC=2C(=CNC2C=C1)C=3C=CN=CC3,CN(C(=O)Cc1c[nH]c2ccccc12)c1ccc(S(N)(=O)=O)cc1,0.31,25,975.1
C1=2C(N3CCN(C(NC4=CC=C(OC5=CC=CC=C5)C=C4)=O)CC3)=NC=NC1=CC(=C(C2)OC)OC,COc1ccc(-c2cc3nc(-c4ccccc4)cc(N4CCN(C(=O)c5ccc(F)cc5)CC4)n3n2)cc1,0.31,25,975.1
S(=O)(=O)(NC=1C=C2N=C(C(=NC2=CC1)C)C)C3=CC=C(N)C=C3,Cc1ccc(S(=O)(=O)Nc2ccc3c(c2)C2CC(CC(=O)NC(C)C)OC(CO)C2O3)cc1,0.3,25,975.1
S(=O)(=O)(NC=1C=C2N=C(C(=NC2=CC1)C)C)C3=CC=C(N)C=C3,COC1CN(C)C(=O)c2ccc(NS(=O)(=O)c3cn(C)cn3)cc2OCC(C)N(Cc2ccc(F)cc2)CC1C,0.3,25,975.1
S(=O)(=O)(NC=1C=C2N=C(C(=NC2=CC1)C)C)C3=CC=C(N)C=C3,CCCNC(=O)CC1CC2c3cc(NS(=O)(=O)c4ccc(C)cc4)ccc3OC2C(CO)O1,0.3,25,975.1
O=C(N)C1=C2N=C(NC2=CC=C1)C3=NC(NCCCN(CC)CC)=CC=C3,CCN(CC)CCCNC(=O)CCCc1c[nH]c2ccccc12,0.3,25,975.1
FC(F)(F)C=1C(=NC(NC2=CC=3C4N(C(C3C=C2)CC4)C(=O)CNC(=O)C)=NC1)NC5CCC5,CC(C)NC(=O)Nc1ccc2c(c1)C(=O)N(C(C)CO)CC(C)C(CN(C)C(=O)CCC(F)(F)F)OCCCCC(C)O2,0.3,25,975.1
ClC1=CC=C([C@H](C(=O)N2CCN(C=3N=CN=C4C3[C@@H](C[C@H]4O)C)CC2)CNCC5CCOCC5)C=C1,CCCNC(=O)Nc1ccc2c(c1)C(=O)N(C(C)CO)CC(C)C(CN(C)CC1CCOCC1)O2,0.3,25,975.1
C1COCCN1CCCOC2=C(C=C3C(=C2)C(=NC=N3)NC4=CC(Cl)=C(F)C=C4)OC,COc1cccc(CNc2nc(C(=O)NCCCN3CCOCC3)nc3ccc(C(F)(F)F)cc23)c1,0.3,25,975.1
C1CCC(C(=O)N(C2=CC=C3C(N=C(N3C)NC(C=4C=CC(=CC4)C#N)=O)=C2)C)CC1,COC1CN(C)C(=O)c2ccc(NC(=O)C(C)(C)C)cc2OCC(C)N(C(=O)c2ccc(F)cc2)CC1C,0.3,25,975.1
C1(Br)=C(C=2C=3C=CNC3N=CC2)SC(C(=O)N[C@H](CN)CC4=CC=C(C=C4)C(F)(F)F)=C1,CC(C)NC(=O)Nc1ccc2c(c1)CC(=O)N(C(C)CO)CC(C)C(CN(C)Cc1ccc(C(F)(F)F)cc1)O2,0.3,25,975.1
O=C1N(C=2C(N(C1CC)C3CCCC3)=NC(=NC2)NC4=C(OC)C=C(C=C4)C(=O)NC5CCCCC5)C,CC1CCCCOC(CN(C)Cc2ccc(C(F)(F)F)cc2)C(C)CN(C(C)CO)C(=O)c2cc(NC(=O)NC3CCCCC3)ccc2O1,0.29,25,975.1
ClC1=CC=C(C=C1)NC(=O)C2=C(NCC3=CC=NC=C3)C=CC=C2,CCC(=O)Nc1ccc(C(=O)c2ccccc2C)cc1,0.29,25,975.1
C=1(C=C2/C(/C(NC2=CC1)=O)=C/C=3NC=C(C3)C(NCCN4CCCCC4)=O)NC(N)=O,CC(C)CC#Cc1ccc(-c2nc(C(=O)NCCN3CCCC3)cc3c2C(CCO)N(S(=O)C(C)(C)C)C3)cc1,0.28,25,975.1
C1(C(=C(C(C2=CC=CC=C12)=O)N3C(O)=CC=C3O)Cl)=O,CC(C)COc1ccc(C=CC2=CC(=O)c3cc(O)c(O)cc3C2=O)cc1,0.28,25,975.1
C=1(C=C2/C(/C(=O)NC2=CC1)=C/C3=CC(=CN3)C4=CC(=CC=C4)C(=O)NCCN5CCCCC5)NC(N)=O,COc1cccc(S(=O)(=O)Nc2ccc3c(c2)C2CC(CC(=O)NCCN4CCCCC4)OC(CO)C2O3)c1,0.27,25,975.1
O=C(NC(CC1=CC=CC=C1)CO)C2=CC=C(C=3C=CN=CC3)C=C2,CC1CN(C(C)CO)C(=O)c2ccccc2-c2ccccc2COC1CN(C)C(=O)C(Cc1ccccc1)N(C)C,0.26,25,975.1
